-- phpMyAdmin SQL Dump
-- version 5.2.1
-- https://www.phpmyadmin.net/
--
-- Host: 127.0.0.1
-- Generation Time: Mar 28, 2026 at 09:46 AM
-- Server version: 10.4.32-MariaDB
-- PHP Version: 8.2.12

SET SQL_MODE = "NO_AUTO_VALUE_ON_ZERO";
START TRANSACTION;
SET time_zone = "+00:00";


/*!40101 SET @OLD_CHARACTER_SET_CLIENT=@@CHARACTER_SET_CLIENT */;
/*!40101 SET @OLD_CHARACTER_SET_RESULTS=@@CHARACTER_SET_RESULTS */;
/*!40101 SET @OLD_COLLATION_CONNECTION=@@COLLATION_CONNECTION */;
/*!40101 SET NAMES utf8mb4 */;

--
-- Database: `menuapp_db`
--

-- --------------------------------------------------------

--
-- Table structure for table `auth_group`
--

CREATE TABLE `auth_group` (
  `id` int(11) NOT NULL,
  `name` varchar(150) NOT NULL
) ENGINE=InnoDB DEFAULT CHARSET=utf8mb4 COLLATE=utf8mb4_unicode_ci;

-- --------------------------------------------------------

--
-- Table structure for table `auth_group_permissions`
--

CREATE TABLE `auth_group_permissions` (
  `id` bigint(20) NOT NULL,
  `group_id` int(11) NOT NULL,
  `permission_id` int(11) NOT NULL
) ENGINE=InnoDB DEFAULT CHARSET=utf8mb4 COLLATE=utf8mb4_unicode_ci;

-- --------------------------------------------------------

--
-- Table structure for table `auth_permission`
--

CREATE TABLE `auth_permission` (
  `id` int(11) NOT NULL,
  `name` varchar(255) NOT NULL,
  `content_type_id` int(11) NOT NULL,
  `codename` varchar(100) NOT NULL
) ENGINE=InnoDB DEFAULT CHARSET=utf8mb4 COLLATE=utf8mb4_unicode_ci;

--
-- Dumping data for table `auth_permission`
--

INSERT INTO `auth_permission` (`id`, `name`, `content_type_id`, `codename`) VALUES
(1, 'Can add log entry', 1, 'add_logentry'),
(2, 'Can change log entry', 1, 'change_logentry'),
(3, 'Can delete log entry', 1, 'delete_logentry'),
(4, 'Can view log entry', 1, 'view_logentry'),
(5, 'Can add permission', 2, 'add_permission'),
(6, 'Can change permission', 2, 'change_permission'),
(7, 'Can delete permission', 2, 'delete_permission'),
(8, 'Can view permission', 2, 'view_permission'),
(9, 'Can add group', 3, 'add_group'),
(10, 'Can change group', 3, 'change_group'),
(11, 'Can delete group', 3, 'delete_group'),
(12, 'Can view group', 3, 'view_group'),
(13, 'Can add content type', 4, 'add_contenttype'),
(14, 'Can change content type', 4, 'change_contenttype'),
(15, 'Can delete content type', 4, 'delete_contenttype'),
(16, 'Can view content type', 4, 'view_contenttype'),
(17, 'Can add session', 5, 'add_session'),
(18, 'Can change session', 5, 'change_session'),
(19, 'Can delete session', 5, 'delete_session'),
(20, 'Can view session', 5, 'view_session'),
(21, 'Can add owner', 6, 'add_owner'),
(22, 'Can change owner', 6, 'change_owner'),
(23, 'Can delete owner', 6, 'delete_owner'),
(24, 'Can view owner', 6, 'view_owner'),
(25, 'Can add menu category', 7, 'add_menucategory'),
(26, 'Can change menu category', 7, 'change_menucategory'),
(27, 'Can delete menu category', 7, 'delete_menucategory'),
(28, 'Can view menu category', 7, 'view_menucategory'),
(29, 'Can add menu item', 8, 'add_menuitem'),
(30, 'Can change menu item', 8, 'change_menuitem'),
(31, 'Can delete menu item', 8, 'delete_menuitem'),
(32, 'Can view menu item', 8, 'view_menuitem'),
(33, 'Can add order', 9, 'add_order'),
(34, 'Can change order', 9, 'change_order'),
(35, 'Can delete order', 9, 'delete_order'),
(36, 'Can view order', 9, 'view_order'),
(37, 'Can add restaurant', 10, 'add_restaurant'),
(38, 'Can change restaurant', 10, 'change_restaurant'),
(39, 'Can delete restaurant', 10, 'delete_restaurant'),
(40, 'Can view restaurant', 10, 'view_restaurant'),
(41, 'Can add order item', 11, 'add_orderitem'),
(42, 'Can change order item', 11, 'change_orderitem'),
(43, 'Can delete order item', 11, 'delete_orderitem'),
(44, 'Can view order item', 11, 'view_orderitem'),
(45, 'Can add daily analytics', 12, 'add_dailyanalytics'),
(46, 'Can change daily analytics', 12, 'change_dailyanalytics'),
(47, 'Can delete daily analytics', 12, 'delete_dailyanalytics'),
(48, 'Can view daily analytics', 12, 'view_dailyanalytics'),
(49, 'Can add combo', 13, 'add_combo'),
(50, 'Can change combo', 13, 'change_combo'),
(51, 'Can delete combo', 13, 'delete_combo'),
(52, 'Can view combo', 13, 'view_combo'),
(53, 'Can add owner notification', 14, 'add_ownernotification'),
(54, 'Can change owner notification', 14, 'change_ownernotification'),
(55, 'Can delete owner notification', 14, 'delete_ownernotification'),
(56, 'Can view owner notification', 14, 'view_ownernotification'),
(57, 'Can add owner notification setting', 15, 'add_ownernotificationsetting'),
(58, 'Can change owner notification setting', 15, 'change_ownernotificationsetting'),
(59, 'Can delete owner notification setting', 15, 'delete_ownernotificationsetting'),
(60, 'Can view owner notification setting', 15, 'view_ownernotificationsetting');

-- --------------------------------------------------------

--
-- Table structure for table `combos`
--

CREATE TABLE `combos` (
  `id` bigint(20) NOT NULL,
  `name` varchar(255) NOT NULL,
  `description` longtext NOT NULL,
  `combo_price` decimal(10,2) NOT NULL,
  `is_active` tinyint(1) NOT NULL,
  `created_at` datetime(6) NOT NULL,
  `updated_at` datetime(6) NOT NULL,
  `combo_item_id` bigint(20) NOT NULL,
  `main_item_id` bigint(20) NOT NULL,
  `restaurant_id` bigint(20) NOT NULL
) ENGINE=InnoDB DEFAULT CHARSET=utf8mb4 COLLATE=utf8mb4_unicode_ci;

--
-- Dumping data for table `combos`
--

INSERT INTO `combos` (`id`, `name`, `description`, `combo_price`, `is_active`, `created_at`, `updated_at`, `combo_item_id`, `main_item_id`, `restaurant_id`) VALUES
(1, 'Chicken tikka masala + Chicken Biryani Combo', '', 438.24, 1, '2026-03-20 13:08:10.206573', '2026-03-20 13:08:10.206618', 54, 40, 4),
(2, 'chicken fried rice + Jeera rice Combo', '', 290.40, 1, '2026-03-20 13:08:12.578956', '2026-03-20 13:08:12.579002', 11, 9, 4),
(3, 'chicken 65 + chicken fried rice Combo', '', 345.49, 1, '2026-03-22 08:45:24.179842', '2026-03-22 08:45:24.179874', 9, 7, 4),
(4, 'Mix Veg Curry + Chicken Biryani Combo', '', 434.72, 1, '2026-03-24 04:18:56.583421', '2026-03-24 04:18:56.583473', 54, 26, 4),
(5, 'chilli chicken + Butter Naan Combo', '', 211.20, 1, '2026-03-24 11:53:38.432191', '2026-03-24 11:53:38.432208', 47, 6, 4);

-- --------------------------------------------------------

--
-- Table structure for table `daily_analytics`
--

CREATE TABLE `daily_analytics` (
  `id` bigint(20) NOT NULL,
  `date` date NOT NULL,
  `total_orders` int(11) NOT NULL,
  `total_revenue` decimal(12,2) NOT NULL,
  `created_at` datetime(6) NOT NULL,
  `updated_at` datetime(6) NOT NULL,
  `restaurant_id` bigint(20) NOT NULL
) ENGINE=InnoDB DEFAULT CHARSET=utf8mb4 COLLATE=utf8mb4_unicode_ci;

--
-- Dumping data for table `daily_analytics`
--

INSERT INTO `daily_analytics` (`id`, `date`, `total_orders`, `total_revenue`, `created_at`, `updated_at`, `restaurant_id`) VALUES
(1, '2026-03-16', 17, 5713.05, '2026-03-16 04:22:22.105436', '2026-03-24 13:07:47.649553', 4),
(2, '2026-03-15', 13, 3003.00, '2026-03-16 04:24:22.411461', '2026-03-24 13:07:47.658857', 4),
(3, '2026-03-14', 0, 0.00, '2026-03-16 04:24:22.434319', '2026-03-24 13:07:47.667657', 4),
(4, '2026-03-13', 2, 0.00, '2026-03-16 04:24:22.444158', '2026-03-24 13:07:47.672775', 4),
(5, '2026-03-12', 10, 572.25, '2026-03-16 04:24:22.457719', '2026-03-24 13:07:47.677834', 4),
(6, '2026-03-11', 0, 0.00, '2026-03-16 04:24:22.471932', '2026-03-24 13:07:47.682798', 4),
(7, '2026-03-10', 0, 0.00, '2026-03-16 04:24:22.481247', '2026-03-24 13:07:47.688242', 4),
(8, '2026-03-09', 0, 0.00, '2026-03-16 04:24:24.346287', '2026-03-24 13:07:47.693760', 4),
(9, '2026-03-08', 0, 0.00, '2026-03-16 04:24:24.355517', '2026-03-24 13:07:47.699190', 4),
(10, '2026-03-07', 0, 0.00, '2026-03-16 04:24:24.363051', '2026-03-24 13:07:47.704202', 4),
(11, '2026-03-06', 0, 0.00, '2026-03-16 04:24:24.371092', '2026-03-24 13:07:47.709344', 4),
(12, '2026-03-05', 0, 0.00, '2026-03-16 04:24:24.380210', '2026-03-24 13:07:47.714523', 4),
(13, '2026-03-04', 0, 0.00, '2026-03-16 04:24:24.389204', '2026-03-24 13:07:47.720514', 4),
(14, '2026-03-03', 0, 0.00, '2026-03-16 04:24:24.398087', '2026-03-24 13:07:47.725860', 4),
(15, '2026-03-02', 0, 0.00, '2026-03-16 04:24:24.409922', '2026-03-24 13:07:47.730918', 4),
(16, '2026-03-01', 0, 0.00, '2026-03-16 04:24:24.418032', '2026-03-24 13:07:47.736074', 4),
(17, '2026-02-28', 0, 0.00, '2026-03-16 04:24:24.424327', '2026-03-24 13:07:47.744687', 4),
(18, '2026-02-27', 0, 0.00, '2026-03-16 04:24:24.432199', '2026-03-24 13:07:47.751835', 4),
(19, '2026-02-26', 0, 0.00, '2026-03-16 04:24:24.441109', '2026-03-24 13:07:47.759657', 4),
(20, '2026-02-25', 0, 0.00, '2026-03-16 04:24:24.449727', '2026-03-24 13:07:47.766639', 4),
(21, '2026-02-24', 0, 0.00, '2026-03-16 04:24:24.458341', '2026-03-24 13:07:47.774968', 4),
(22, '2026-02-23', 0, 0.00, '2026-03-16 04:24:24.466870', '2026-03-24 13:07:47.781749', 4),
(23, '2026-02-22', 0, 0.00, '2026-03-16 04:24:24.474762', '2026-03-22 09:03:34.506589', 4),
(24, '2026-02-21', 0, 0.00, '2026-03-16 04:24:24.484330', '2026-03-22 09:03:34.511837', 4),
(25, '2026-02-20', 0, 0.00, '2026-03-16 04:24:24.492160', '2026-03-21 18:23:41.053600', 4),
(26, '2026-02-19', 0, 0.00, '2026-03-16 04:24:24.501395', '2026-03-19 18:31:05.770684', 4),
(27, '2026-02-18', 0, 0.00, '2026-03-16 04:24:24.510474', '2026-03-19 18:31:05.783925', 4),
(28, '2026-02-17', 0, 0.00, '2026-03-16 04:24:24.520783', '2026-03-17 13:41:25.496570', 4),
(29, '2026-02-16', 0, 0.00, '2026-03-16 04:24:24.530990', '2026-03-17 13:41:25.501858', 4),
(30, '2026-02-15', 0, 0.00, '2026-03-16 04:24:24.541568', '2026-03-16 17:46:05.470614', 4),
(31, '2026-03-16', 0, 0.00, '2026-03-16 05:00:45.609327', '2026-03-16 05:00:45.609352', 1),
(32, '2026-03-15', 0, 0.00, '2026-03-16 05:00:45.641264', '2026-03-16 05:00:45.641282', 1),
(33, '2026-03-14', 0, 0.00, '2026-03-16 05:00:45.653650', '2026-03-16 05:00:45.653667', 1),
(34, '2026-03-13', 0, 0.00, '2026-03-16 05:00:45.660374', '2026-03-16 05:00:45.660395', 1),
(35, '2026-03-12', 0, 0.00, '2026-03-16 05:00:45.667876', '2026-03-16 05:00:45.667891', 1),
(36, '2026-03-11', 0, 0.00, '2026-03-16 05:00:45.674591', '2026-03-16 05:00:45.674608', 1),
(37, '2026-03-10', 0, 0.00, '2026-03-16 05:00:45.681145', '2026-03-16 05:00:45.681161', 1),
(38, '2026-03-09', 0, 0.00, '2026-03-16 05:00:45.687001', '2026-03-16 05:00:45.687015', 1),
(39, '2026-03-08', 0, 0.00, '2026-03-16 05:00:45.693259', '2026-03-16 05:00:45.693273', 1),
(40, '2026-03-07', 0, 0.00, '2026-03-16 05:00:45.700168', '2026-03-16 05:00:45.700182', 1),
(41, '2026-03-06', 0, 0.00, '2026-03-16 05:00:45.706736', '2026-03-16 05:00:45.706752', 1),
(42, '2026-03-05', 0, 0.00, '2026-03-16 05:00:45.711982', '2026-03-16 05:00:45.711998', 1),
(43, '2026-03-04', 0, 0.00, '2026-03-16 05:00:45.717784', '2026-03-16 05:00:45.717801', 1),
(44, '2026-03-03', 0, 0.00, '2026-03-16 05:00:45.723577', '2026-03-16 05:00:45.723592', 1),
(45, '2026-03-02', 0, 0.00, '2026-03-16 05:00:45.729055', '2026-03-16 05:00:45.729075', 1),
(46, '2026-03-01', 0, 0.00, '2026-03-16 05:00:45.734393', '2026-03-16 05:00:45.734413', 1),
(47, '2026-02-28', 0, 0.00, '2026-03-16 05:00:45.740311', '2026-03-16 05:00:45.740328', 1),
(48, '2026-02-27', 0, 0.00, '2026-03-16 05:00:45.745684', '2026-03-16 05:00:45.745712', 1),
(49, '2026-02-26', 0, 0.00, '2026-03-16 05:00:45.751799', '2026-03-16 05:00:45.751815', 1),
(50, '2026-02-25', 0, 0.00, '2026-03-16 05:00:45.757658', '2026-03-16 05:00:45.757672', 1),
(51, '2026-02-24', 0, 0.00, '2026-03-16 05:00:45.763425', '2026-03-16 05:00:45.763442', 1),
(52, '2026-02-23', 0, 0.00, '2026-03-16 05:00:45.768727', '2026-03-16 05:00:45.768774', 1),
(53, '2026-02-22', 0, 0.00, '2026-03-16 05:00:45.774087', '2026-03-16 05:00:45.774102', 1),
(54, '2026-02-21', 0, 0.00, '2026-03-16 05:00:45.781083', '2026-03-16 05:00:45.781098', 1),
(55, '2026-02-20', 0, 0.00, '2026-03-16 05:00:45.787167', '2026-03-16 05:00:45.787184', 1),
(56, '2026-02-19', 0, 0.00, '2026-03-16 05:00:45.796655', '2026-03-16 05:00:45.796679', 1),
(57, '2026-02-18', 0, 0.00, '2026-03-16 05:00:45.802585', '2026-03-16 05:00:45.802604', 1),
(58, '2026-02-17', 0, 0.00, '2026-03-16 05:00:45.808681', '2026-03-16 05:00:45.808697', 1),
(59, '2026-02-16', 0, 0.00, '2026-03-16 05:00:45.814194', '2026-03-16 05:00:45.814209', 1),
(60, '2026-02-15', 0, 0.00, '2026-03-16 05:00:45.819497', '2026-03-16 05:00:45.819511', 1),
(61, '2026-02-14', 0, 0.00, '2026-03-16 05:00:45.825298', '2026-03-16 05:00:45.825313', 1),
(62, '2026-03-16', 0, 0.00, '2026-03-16 05:00:45.830592', '2026-03-16 05:00:45.830609', 2),
(63, '2026-03-15', 0, 0.00, '2026-03-16 05:00:45.836124', '2026-03-16 05:00:45.836140', 2),
(64, '2026-03-14', 0, 0.00, '2026-03-16 05:00:45.841368', '2026-03-16 05:00:45.841383', 2),
(65, '2026-03-13', 0, 0.00, '2026-03-16 05:00:45.847283', '2026-03-16 05:00:45.847300', 2),
(66, '2026-03-12', 0, 0.00, '2026-03-16 05:00:45.853399', '2026-03-16 05:00:45.853423', 2),
(67, '2026-03-11', 0, 0.00, '2026-03-16 05:00:45.860186', '2026-03-16 05:00:45.860204', 2),
(68, '2026-03-10', 0, 0.00, '2026-03-16 05:00:45.866336', '2026-03-16 05:00:45.866353', 2),
(69, '2026-03-09', 0, 0.00, '2026-03-16 05:00:45.873431', '2026-03-16 05:00:45.873473', 2),
(70, '2026-03-08', 0, 0.00, '2026-03-16 05:00:45.879545', '2026-03-16 05:00:45.879570', 2),
(71, '2026-03-07', 0, 0.00, '2026-03-16 05:00:45.886460', '2026-03-16 05:00:45.886477', 2),
(72, '2026-03-06', 0, 0.00, '2026-03-16 05:00:45.896130', '2026-03-16 05:00:45.896155', 2),
(73, '2026-03-05', 0, 0.00, '2026-03-16 05:00:45.902378', '2026-03-16 05:00:45.902396', 2),
(74, '2026-03-04', 0, 0.00, '2026-03-16 05:00:45.909150', '2026-03-16 05:00:45.909167', 2),
(75, '2026-03-03', 0, 0.00, '2026-03-16 05:00:45.916725', '2026-03-16 05:00:45.916747', 2),
(76, '2026-03-02', 0, 0.00, '2026-03-16 05:00:45.923196', '2026-03-16 05:00:45.923228', 2),
(77, '2026-03-01', 0, 0.00, '2026-03-16 05:00:45.932107', '2026-03-16 05:00:45.932129', 2),
(78, '2026-02-28', 0, 0.00, '2026-03-16 05:00:45.937128', '2026-03-16 05:00:45.937142', 2),
(79, '2026-02-27', 0, 0.00, '2026-03-16 05:00:45.942165', '2026-03-16 05:00:45.942181', 2),
(80, '2026-02-26', 0, 0.00, '2026-03-16 05:00:45.948772', '2026-03-16 05:00:45.948787', 2),
(81, '2026-02-25', 0, 0.00, '2026-03-16 05:00:45.954812', '2026-03-16 05:00:45.954828', 2),
(82, '2026-02-24', 0, 0.00, '2026-03-16 05:00:45.961258', '2026-03-16 05:00:45.961272', 2),
(83, '2026-02-23', 0, 0.00, '2026-03-16 05:00:45.967309', '2026-03-16 05:00:45.967324', 2),
(84, '2026-02-22', 0, 0.00, '2026-03-16 05:00:45.972375', '2026-03-16 05:00:45.972390', 2),
(85, '2026-02-21', 0, 0.00, '2026-03-16 05:00:45.977007', '2026-03-16 05:00:45.977025', 2),
(86, '2026-02-20', 0, 0.00, '2026-03-16 05:00:45.982452', '2026-03-16 05:00:45.982466', 2),
(87, '2026-02-19', 0, 0.00, '2026-03-16 05:00:45.987587', '2026-03-16 05:00:45.987602', 2),
(88, '2026-02-18', 0, 0.00, '2026-03-16 05:00:45.992488', '2026-03-16 05:00:45.992502', 2),
(89, '2026-02-17', 0, 0.00, '2026-03-16 05:00:45.998078', '2026-03-16 05:00:45.998099', 2),
(90, '2026-02-16', 0, 0.00, '2026-03-16 05:00:46.003890', '2026-03-16 05:00:46.003906', 2),
(91, '2026-02-15', 0, 0.00, '2026-03-16 05:00:46.009227', '2026-03-16 05:00:46.009246', 2),
(92, '2026-02-14', 0, 0.00, '2026-03-16 05:00:46.014666', '2026-03-16 05:00:46.014690', 2),
(93, '2026-03-16', 0, 0.00, '2026-03-16 05:00:46.020850', '2026-03-17 13:58:15.473494', 3),
(94, '2026-03-15', 0, 0.00, '2026-03-16 05:00:46.027716', '2026-03-17 13:58:15.482002', 3),
(95, '2026-03-14', 0, 0.00, '2026-03-16 05:00:46.034091', '2026-03-17 13:58:15.488917', 3),
(96, '2026-03-13', 0, 0.00, '2026-03-16 05:00:46.039275', '2026-03-17 13:58:15.494208', 3),
(97, '2026-03-12', 0, 0.00, '2026-03-16 05:00:46.045826', '2026-03-17 13:58:15.500536', 3),
(98, '2026-03-11', 2, 105250.95, '2026-03-16 05:00:46.052864', '2026-03-17 13:58:15.507108', 3),
(99, '2026-03-10', 0, 0.00, '2026-03-16 05:00:46.058997', '2026-03-16 05:00:46.059013', 3),
(100, '2026-03-09', 0, 0.00, '2026-03-16 05:00:46.065265', '2026-03-16 05:00:46.065281', 3),
(101, '2026-03-08', 0, 0.00, '2026-03-16 05:00:46.070130', '2026-03-16 05:00:46.070144', 3),
(102, '2026-03-07', 0, 0.00, '2026-03-16 05:00:46.076814', '2026-03-16 05:00:46.076834', 3),
(103, '2026-03-06', 0, 0.00, '2026-03-16 05:00:46.084573', '2026-03-16 05:00:46.084589', 3),
(104, '2026-03-05', 0, 0.00, '2026-03-16 05:00:46.092892', '2026-03-16 05:00:46.092918', 3),
(105, '2026-03-04', 0, 0.00, '2026-03-16 05:00:46.101396', '2026-03-16 05:00:46.101421', 3),
(106, '2026-03-03', 0, 0.00, '2026-03-16 05:00:46.113024', '2026-03-16 05:00:46.113079', 3),
(107, '2026-03-02', 0, 0.00, '2026-03-16 05:00:46.121715', '2026-03-16 05:00:46.121740', 3),
(108, '2026-03-01', 0, 0.00, '2026-03-16 05:00:46.129628', '2026-03-16 05:00:46.129655', 3),
(109, '2026-02-28', 0, 0.00, '2026-03-16 05:00:46.142083', '2026-03-16 05:00:46.142107', 3),
(110, '2026-02-27', 0, 0.00, '2026-03-16 05:00:46.165249', '2026-03-16 05:00:46.165274', 3),
(111, '2026-02-26', 0, 0.00, '2026-03-16 05:00:46.174291', '2026-03-16 05:00:46.174315', 3),
(112, '2026-02-25', 0, 0.00, '2026-03-16 05:00:46.188127', '2026-03-16 05:00:46.188153', 3),
(113, '2026-02-24', 0, 0.00, '2026-03-16 05:00:46.195554', '2026-03-16 05:00:46.195579', 3),
(114, '2026-02-23', 0, 0.00, '2026-03-16 05:00:46.202347', '2026-03-16 05:00:46.202371', 3),
(115, '2026-02-22', 0, 0.00, '2026-03-16 05:00:46.208290', '2026-03-16 05:00:46.208340', 3),
(116, '2026-02-21', 0, 0.00, '2026-03-16 05:00:46.215390', '2026-03-16 05:00:46.215416', 3),
(117, '2026-02-20', 0, 0.00, '2026-03-16 05:00:46.224383', '2026-03-16 05:00:46.224407', 3),
(118, '2026-02-19', 0, 0.00, '2026-03-16 05:00:46.248239', '2026-03-16 05:00:46.248263', 3),
(119, '2026-02-18', 0, 0.00, '2026-03-16 05:00:46.254469', '2026-03-16 05:00:46.254491', 3),
(120, '2026-02-17', 0, 0.00, '2026-03-16 05:00:46.292848', '2026-03-16 05:00:46.292873', 3),
(121, '2026-02-16', 0, 0.00, '2026-03-16 05:00:46.321289', '2026-03-16 05:00:46.321313', 3),
(122, '2026-02-15', 0, 0.00, '2026-03-16 05:00:46.328714', '2026-03-16 05:00:46.328732', 3),
(123, '2026-02-14', 0, 0.00, '2026-03-16 05:00:46.354136', '2026-03-16 05:00:46.354157', 3),
(124, '2026-02-14', 0, 0.00, '2026-03-16 05:00:46.542855', '2026-03-16 05:00:46.542879', 4),
(125, '2026-03-16', 0, 0.00, '2026-03-16 05:00:46.565634', '2026-03-16 05:00:46.565662', 5),
(126, '2026-03-15', 0, 0.00, '2026-03-16 05:00:46.572886', '2026-03-16 05:00:46.572910', 5),
(127, '2026-03-14', 0, 0.00, '2026-03-16 05:00:46.579710', '2026-03-16 05:00:46.579734', 5),
(128, '2026-03-13', 0, 0.00, '2026-03-16 05:00:46.585936', '2026-03-16 05:00:46.585959', 5),
(129, '2026-03-12', 0, 0.00, '2026-03-16 05:00:46.592613', '2026-03-16 05:00:46.592655', 5),
(130, '2026-03-11', 0, 0.00, '2026-03-16 05:00:46.599099', '2026-03-16 05:00:46.599124', 5),
(131, '2026-03-10', 0, 0.00, '2026-03-16 05:00:46.605777', '2026-03-16 05:00:46.605799', 5),
(132, '2026-03-09', 0, 0.00, '2026-03-16 05:00:46.612180', '2026-03-16 05:00:46.612205', 5),
(133, '2026-03-08', 0, 0.00, '2026-03-16 05:00:46.618661', '2026-03-16 05:00:46.618686', 5),
(134, '2026-03-07', 0, 0.00, '2026-03-16 05:00:46.625692', '2026-03-16 05:00:46.625795', 5),
(135, '2026-03-06', 0, 0.00, '2026-03-16 05:00:46.634240', '2026-03-16 05:00:46.634265', 5),
(136, '2026-03-05', 0, 0.00, '2026-03-16 05:00:46.640546', '2026-03-16 05:00:46.640573', 5),
(137, '2026-03-04', 0, 0.00, '2026-03-16 05:00:46.650190', '2026-03-16 05:00:46.650216', 5),
(138, '2026-03-03', 0, 0.00, '2026-03-16 05:00:46.656593', '2026-03-16 05:00:46.656619', 5),
(139, '2026-03-02', 0, 0.00, '2026-03-16 05:00:46.663827', '2026-03-16 05:00:46.663850', 5),
(140, '2026-03-01', 0, 0.00, '2026-03-16 05:00:46.670516', '2026-03-16 05:00:46.670536', 5),
(141, '2026-02-28', 0, 0.00, '2026-03-16 05:00:46.678124', '2026-03-16 05:00:46.678147', 5),
(142, '2026-02-27', 0, 0.00, '2026-03-16 05:00:46.683335', '2026-03-16 05:00:46.683350', 5),
(143, '2026-02-26', 0, 0.00, '2026-03-16 05:00:46.688622', '2026-03-16 05:00:46.688637', 5),
(144, '2026-02-25', 0, 0.00, '2026-03-16 05:00:46.693471', '2026-03-16 05:00:46.693486', 5),
(145, '2026-02-24', 0, 0.00, '2026-03-16 05:00:46.698982', '2026-03-16 05:00:46.698998', 5),
(146, '2026-02-23', 0, 0.00, '2026-03-16 05:00:46.704080', '2026-03-16 05:00:46.704095', 5),
(147, '2026-02-22', 0, 0.00, '2026-03-16 05:00:46.709063', '2026-03-16 05:00:46.709077', 5),
(148, '2026-02-21', 0, 0.00, '2026-03-16 05:00:46.715025', '2026-03-16 05:00:46.715041', 5),
(149, '2026-02-20', 0, 0.00, '2026-03-16 05:00:46.719983', '2026-03-16 05:00:46.719998', 5),
(150, '2026-02-19', 0, 0.00, '2026-03-16 05:00:46.724859', '2026-03-16 05:00:46.724879', 5),
(151, '2026-02-18', 0, 0.00, '2026-03-16 05:00:46.730376', '2026-03-16 05:00:46.730393', 5),
(152, '2026-02-17', 0, 0.00, '2026-03-16 05:00:46.735533', '2026-03-16 05:00:46.735548', 5),
(153, '2026-02-16', 0, 0.00, '2026-03-16 05:00:46.741077', '2026-03-16 05:00:46.741128', 5),
(154, '2026-02-15', 0, 0.00, '2026-03-16 05:00:46.747441', '2026-03-16 05:00:46.747466', 5),
(155, '2026-02-14', 0, 0.00, '2026-03-16 05:00:46.753318', '2026-03-16 05:00:46.753335', 5),
(156, '2026-03-16', 0, 0.00, '2026-03-16 05:00:46.758414', '2026-03-16 05:00:46.758438', 6),
(157, '2026-03-15', 0, 0.00, '2026-03-16 05:00:46.765630', '2026-03-16 05:00:46.765656', 6),
(158, '2026-03-14', 0, 0.00, '2026-03-16 05:00:46.772177', '2026-03-16 05:00:46.772200', 6),
(159, '2026-03-13', 0, 0.00, '2026-03-16 05:00:46.781268', '2026-03-16 05:00:46.781321', 6),
(160, '2026-03-12', 0, 0.00, '2026-03-16 05:00:46.787933', '2026-03-16 05:00:46.787949', 6),
(161, '2026-03-11', 0, 0.00, '2026-03-16 05:00:46.796321', '2026-03-16 05:00:46.796360', 6),
(162, '2026-03-10', 0, 0.00, '2026-03-16 05:00:46.802568', '2026-03-16 05:00:46.802596', 6),
(163, '2026-03-09', 0, 0.00, '2026-03-16 05:00:46.809953', '2026-03-16 05:00:46.809977', 6),
(164, '2026-03-08', 0, 0.00, '2026-03-16 05:00:46.816205', '2026-03-16 05:00:46.816220', 6),
(165, '2026-03-07', 0, 0.00, '2026-03-16 05:00:46.821155', '2026-03-16 05:00:46.821175', 6),
(166, '2026-03-06', 0, 0.00, '2026-03-16 05:00:46.826129', '2026-03-16 05:00:46.826143', 6),
(167, '2026-03-05', 0, 0.00, '2026-03-16 05:00:46.832512', '2026-03-16 05:00:46.832528', 6),
(168, '2026-03-04', 0, 0.00, '2026-03-16 05:00:46.837476', '2026-03-16 05:00:46.837499', 6),
(169, '2026-03-03', 0, 0.00, '2026-03-16 05:00:46.842448', '2026-03-16 05:00:46.842488', 6),
(170, '2026-03-02', 0, 0.00, '2026-03-16 05:00:46.848680', '2026-03-16 05:00:46.848702', 6),
(171, '2026-03-01', 0, 0.00, '2026-03-16 05:00:46.854897', '2026-03-16 05:00:46.854917', 6),
(172, '2026-02-28', 0, 0.00, '2026-03-16 05:00:46.860722', '2026-03-16 05:00:46.860747', 6),
(173, '2026-02-27', 0, 0.00, '2026-03-16 05:00:46.866449', '2026-03-16 05:00:46.866469', 6),
(174, '2026-02-26', 0, 0.00, '2026-03-16 05:00:46.872811', '2026-03-16 05:00:46.872828', 6),
(175, '2026-02-25', 0, 0.00, '2026-03-16 05:00:46.877760', '2026-03-16 05:00:46.877782', 6),
(176, '2026-02-24', 0, 0.00, '2026-03-16 05:00:46.883887', '2026-03-16 05:00:46.883906', 6),
(177, '2026-02-23', 0, 0.00, '2026-03-16 05:00:46.889062', '2026-03-16 05:00:46.889077', 6),
(178, '2026-02-22', 0, 0.00, '2026-03-16 05:00:46.894021', '2026-03-16 05:00:46.894037', 6),
(179, '2026-02-21', 0, 0.00, '2026-03-16 05:00:46.902214', '2026-03-16 05:00:46.902231', 6),
(180, '2026-02-20', 0, 0.00, '2026-03-16 05:00:46.907064', '2026-03-16 05:00:46.907079', 6),
(181, '2026-02-19', 0, 0.00, '2026-03-16 05:00:46.911913', '2026-03-16 05:00:46.911929', 6),
(182, '2026-02-18', 0, 0.00, '2026-03-16 05:00:46.917601', '2026-03-16 05:00:46.917616', 6),
(183, '2026-02-17', 0, 0.00, '2026-03-16 05:00:46.922485', '2026-03-16 05:00:46.922500', 6),
(184, '2026-02-16', 0, 0.00, '2026-03-16 05:00:46.927415', '2026-03-16 05:00:46.927431', 6),
(185, '2026-02-15', 0, 0.00, '2026-03-16 05:00:46.932789', '2026-03-16 05:00:46.932805', 6),
(186, '2026-02-14', 0, 0.00, '2026-03-16 05:00:46.937364', '2026-03-16 05:00:46.937378', 6),
(187, '2026-03-17', 5, 2397.15, '2026-03-17 10:02:24.612735', '2026-03-24 13:07:47.641811', 4),
(188, '2026-03-17', 0, 0.00, '2026-03-17 13:56:14.519630', '2026-03-17 13:58:17.415460', 3),
(189, '2026-03-18', 6, 1526.70, '2026-03-18 03:41:30.534062', '2026-03-24 13:07:50.288293', 4),
(190, '2026-03-18', 0, 0.00, '2026-03-18 09:21:11.679290', '2026-03-18 09:21:24.757812', 7),
(191, '2026-03-18', 0, 0.00, '2026-03-18 15:42:28.387241', '2026-03-18 15:42:28.387319', 3),
(192, '2026-03-19', 8, 835.80, '2026-03-19 02:59:46.755635', '2026-03-24 13:07:50.279402', 4),
(193, '2026-03-19', 2, 705.60, '2026-03-19 05:34:14.210439', '2026-03-19 14:29:58.876963', 3),
(194, '2026-03-19', 1, 7350.00, '2026-03-19 07:28:39.589139', '2026-03-19 09:16:55.916648', 8),
(195, '2026-03-18', 0, 0.00, '2026-03-19 07:33:34.574164', '2026-03-19 09:16:53.128349', 8),
(196, '2026-03-17', 0, 0.00, '2026-03-19 07:33:34.579273', '2026-03-19 09:16:53.143874', 8),
(197, '2026-03-16', 0, 0.00, '2026-03-19 07:33:34.583935', '2026-03-19 09:16:53.151526', 8),
(198, '2026-03-15', 0, 0.00, '2026-03-19 07:33:34.588617', '2026-03-19 09:16:53.159976', 8),
(199, '2026-03-14', 0, 0.00, '2026-03-19 07:33:34.594060', '2026-03-19 09:16:53.166301', 8),
(200, '2026-03-13', 0, 0.00, '2026-03-19 07:33:34.599877', '2026-03-19 09:16:53.172947', 8),
(201, '2026-03-19', 0, 0.00, '2026-03-19 08:26:48.541794', '2026-03-19 08:30:09.929875', 9),
(202, '2026-03-18', 0, 0.00, '2026-03-19 08:28:23.531786', '2026-03-19 08:28:25.147037', 9),
(203, '2026-03-17', 0, 0.00, '2026-03-19 08:28:23.540529', '2026-03-19 08:28:25.156345', 9),
(204, '2026-03-16', 0, 0.00, '2026-03-19 08:28:23.545687', '2026-03-19 08:28:25.165735', 9),
(205, '2026-03-15', 0, 0.00, '2026-03-19 08:28:23.550664', '2026-03-19 08:28:25.173728', 9),
(206, '2026-03-14', 0, 0.00, '2026-03-19 08:28:23.555655', '2026-03-19 08:28:25.182637', 9),
(207, '2026-03-13', 0, 0.00, '2026-03-19 08:28:23.560931', '2026-03-19 08:28:25.190693', 9),
(208, '2026-03-12', 0, 0.00, '2026-03-19 09:13:33.268810', '2026-03-19 09:13:33.268827', 8),
(209, '2026-03-11', 0, 0.00, '2026-03-19 09:13:33.286365', '2026-03-19 09:13:33.286383', 8),
(210, '2026-03-10', 0, 0.00, '2026-03-19 09:13:33.292767', '2026-03-19 09:13:33.292796', 8),
(211, '2026-03-09', 0, 0.00, '2026-03-19 09:13:33.301255', '2026-03-19 09:13:33.301314', 8),
(212, '2026-03-08', 0, 0.00, '2026-03-19 09:13:33.307360', '2026-03-19 09:13:33.307376', 8),
(213, '2026-03-07', 0, 0.00, '2026-03-19 09:13:33.315085', '2026-03-19 09:13:33.315103', 8),
(214, '2026-03-06', 0, 0.00, '2026-03-19 09:13:33.322546', '2026-03-19 09:13:33.322562', 8),
(215, '2026-03-05', 0, 0.00, '2026-03-19 09:13:33.328072', '2026-03-19 09:13:33.328091', 8),
(216, '2026-03-04', 0, 0.00, '2026-03-19 09:13:33.334279', '2026-03-19 09:13:33.334306', 8),
(217, '2026-03-03', 0, 0.00, '2026-03-19 09:13:33.340254', '2026-03-19 09:13:33.340273', 8),
(218, '2026-03-02', 0, 0.00, '2026-03-19 09:13:33.346787', '2026-03-19 09:13:33.346843', 8),
(219, '2026-03-01', 0, 0.00, '2026-03-19 09:13:33.354243', '2026-03-19 09:13:33.354267', 8),
(220, '2026-02-28', 0, 0.00, '2026-03-19 09:13:33.360317', '2026-03-19 09:13:33.360333', 8),
(221, '2026-02-27', 0, 0.00, '2026-03-19 09:13:33.365908', '2026-03-19 09:13:33.365930', 8),
(222, '2026-02-26', 0, 0.00, '2026-03-19 09:13:33.372444', '2026-03-19 09:13:33.372461', 8),
(223, '2026-02-25', 0, 0.00, '2026-03-19 09:13:33.378039', '2026-03-19 09:13:33.378072', 8),
(224, '2026-02-24', 0, 0.00, '2026-03-19 09:13:33.385731', '2026-03-19 09:13:33.385764', 8),
(225, '2026-02-23', 0, 0.00, '2026-03-19 09:13:33.393914', '2026-03-19 09:13:33.393938', 8),
(226, '2026-02-22', 0, 0.00, '2026-03-19 09:13:33.400453', '2026-03-19 09:13:33.400474', 8),
(227, '2026-02-21', 0, 0.00, '2026-03-19 09:13:33.406794', '2026-03-19 09:13:33.406811', 8),
(228, '2026-02-20', 0, 0.00, '2026-03-19 09:13:33.414652', '2026-03-19 09:13:33.414671', 8),
(229, '2026-02-19', 0, 0.00, '2026-03-19 09:13:33.422237', '2026-03-19 09:13:33.422262', 8),
(230, '2026-02-18', 0, 0.00, '2026-03-19 09:13:33.428579', '2026-03-19 09:13:33.428598', 8),
(231, '2026-03-19', 0, 0.00, '2026-03-19 18:29:19.772636', '2026-03-19 18:30:23.812227', 10),
(232, '2026-03-18', 0, 0.00, '2026-03-19 18:30:09.374901', '2026-03-19 18:30:18.124953', 10),
(233, '2026-03-17', 0, 0.00, '2026-03-19 18:30:09.391620', '2026-03-19 18:30:18.139041', 10),
(234, '2026-03-16', 0, 0.00, '2026-03-19 18:30:09.405179', '2026-03-19 18:30:18.151887', 10),
(235, '2026-03-15', 0, 0.00, '2026-03-19 18:30:09.417508', '2026-03-19 18:30:18.164270', 10),
(236, '2026-03-14', 0, 0.00, '2026-03-19 18:30:09.429059', '2026-03-19 18:30:18.177283', 10),
(237, '2026-03-13', 0, 0.00, '2026-03-19 18:30:09.440522', '2026-03-19 18:30:18.188210', 10),
(238, '2026-03-20', 1, 304.50, '2026-03-20 12:54:22.016853', '2026-03-26 03:58:18.035550', 4),
(239, '2026-03-21', 7, 3076.50, '2026-03-21 15:11:37.993522', '2026-03-27 06:50:30.424196', 4),
(240, '2026-03-21', 0, 0.00, '2026-03-21 17:20:06.053332', '2026-03-21 17:20:06.189928', 2),
(241, '2026-03-22', 2, 896.70, '2026-03-21 18:31:06.157838', '2026-03-28 05:28:29.029997', 4),
(242, '2026-03-22', 1, 262.50, '2026-03-22 09:25:38.769127', '2026-03-26 03:03:02.044421', 11),
(243, '2026-03-23', 0, 0.00, '2026-03-23 06:33:46.719040', '2026-03-28 05:28:29.006088', 4),
(244, '2026-03-24', 0, 0.00, '2026-03-24 02:56:41.612550', '2026-03-26 03:03:02.031890', 11),
(245, '2026-03-24', 19, 1892.41, '2026-03-24 02:57:00.577289', '2026-03-28 05:28:28.987961', 4),
(246, '2026-03-24', 0, 0.00, '2026-03-24 04:57:06.284990', '2026-03-24 11:07:50.271962', 12),
(247, '2026-03-23', 0, 0.00, '2026-03-24 04:58:02.597291', '2026-03-24 07:40:20.039097', 12),
(248, '2026-03-22', 0, 0.00, '2026-03-24 04:58:02.609223', '2026-03-24 07:40:20.044574', 12),
(249, '2026-03-21', 0, 0.00, '2026-03-24 04:58:02.622552', '2026-03-24 07:40:20.049918', 12),
(250, '2026-03-20', 0, 0.00, '2026-03-24 04:58:02.635408', '2026-03-24 07:40:20.057024', 12),
(251, '2026-03-19', 0, 0.00, '2026-03-24 04:58:02.648237', '2026-03-24 07:40:20.061988', 12),
(252, '2026-03-18', 0, 0.00, '2026-03-24 04:58:02.660585', '2026-03-24 07:40:20.067132', 12),
(253, '2026-03-24', 1, 210.00, '2026-03-24 07:49:09.569787', '2026-03-24 07:53:15.376342', 13),
(254, '2026-03-24', 0, 0.00, '2026-03-24 08:33:20.577256', '2026-03-24 11:14:43.705464', 14),
(255, '2026-03-23', 0, 0.00, '2026-03-24 08:33:20.590868', '2026-03-24 08:33:20.689242', 14),
(256, '2026-03-22', 0, 0.00, '2026-03-24 08:33:20.606363', '2026-03-24 08:33:20.705198', 14),
(257, '2026-03-21', 0, 0.00, '2026-03-24 08:33:20.618208', '2026-03-24 08:33:20.715832', 14),
(258, '2026-03-20', 0, 0.00, '2026-03-24 08:33:20.630036', '2026-03-24 08:33:20.733252', 14),
(259, '2026-03-19', 0, 0.00, '2026-03-24 08:33:20.641607', '2026-03-24 08:33:20.744005', 14),
(260, '2026-03-18', 0, 0.00, '2026-03-24 08:33:20.652017', '2026-03-24 08:33:20.753313', 14),
(261, '2026-03-24', 0, 0.00, '2026-03-24 13:12:46.972231', '2026-03-24 13:13:40.280907', 16),
(262, '2026-03-24', 5, 2782.50, '2026-03-24 13:34:39.371660', '2026-03-24 13:55:42.792598', 17),
(263, '2026-03-23', 0, 0.00, '2026-03-24 13:45:54.164825', '2026-03-24 13:46:26.163497', 17),
(264, '2026-03-22', 0, 0.00, '2026-03-24 13:45:54.173711', '2026-03-24 13:46:26.173061', 17),
(265, '2026-03-21', 0, 0.00, '2026-03-24 13:45:54.181843', '2026-03-24 13:46:26.180985', 17),
(266, '2026-03-20', 0, 0.00, '2026-03-24 13:45:54.187837', '2026-03-24 13:46:26.186410', 17),
(267, '2026-03-19', 0, 0.00, '2026-03-24 13:45:54.197369', '2026-03-24 13:46:26.191744', 17),
(268, '2026-03-18', 0, 0.00, '2026-03-24 13:45:54.204081', '2026-03-24 13:46:26.196790', 17),
(269, '2026-03-25', 0, 0.00, '2026-03-25 02:45:36.806508', '2026-03-28 05:28:28.961467', 4),
(270, '2026-03-25', 0, 0.00, '2026-03-25 06:12:17.631233', '2026-03-25 07:30:08.770572', 18),
(271, '2026-03-24', 0, 0.00, '2026-03-25 06:13:01.257392', '2026-03-25 06:14:20.512770', 18),
(272, '2026-03-23', 0, 0.00, '2026-03-25 06:13:01.268694', '2026-03-25 06:14:20.524565', 18),
(273, '2026-03-22', 0, 0.00, '2026-03-25 06:13:01.281417', '2026-03-25 06:14:20.536429', 18),
(274, '2026-03-21', 0, 0.00, '2026-03-25 06:13:01.293890', '2026-03-25 06:14:20.548182', 18),
(275, '2026-03-20', 0, 0.00, '2026-03-25 06:13:01.310407', '2026-03-25 06:14:20.560093', 18),
(276, '2026-03-19', 0, 0.00, '2026-03-25 06:13:01.323171', '2026-03-25 06:14:20.572560', 18),
(277, '2026-03-26', 0, 0.00, '2026-03-26 02:58:48.605353', '2026-03-26 03:03:02.020022', 11),
(278, '2026-03-25', 0, 0.00, '2026-03-26 03:01:43.002418', '2026-03-26 03:03:02.025265', 11),
(279, '2026-03-23', 0, 0.00, '2026-03-26 03:01:43.013662', '2026-03-26 03:03:02.038896', 11),
(280, '2026-03-21', 0, 0.00, '2026-03-26 03:01:43.025206', '2026-03-26 03:03:02.050980', 11),
(281, '2026-03-20', 0, 0.00, '2026-03-26 03:01:43.032937', '2026-03-26 03:03:02.056535', 11),
(282, '2026-03-26', 0, 0.00, '2026-03-26 03:08:41.607889', '2026-03-28 05:28:28.950428', 4),
(283, '2026-03-27', 0, 0.00, '2026-03-26 18:51:40.377002', '2026-03-28 05:28:28.940960', 4),
(284, '2026-03-28', 9, 3725.40, '2026-03-28 02:58:59.089766', '2026-03-28 08:38:53.496879', 4),
(285, '2026-03-28', 0, 0.00, '2026-03-28 05:12:35.797713', '2026-03-28 05:18:32.138549', 19);

-- --------------------------------------------------------

--
-- Table structure for table `django_admin_log`
--

CREATE TABLE `django_admin_log` (
  `id` int(11) NOT NULL,
  `action_time` datetime(6) NOT NULL,
  `object_id` longtext DEFAULT NULL,
  `object_repr` varchar(200) NOT NULL,
  `action_flag` smallint(5) UNSIGNED NOT NULL CHECK (`action_flag` >= 0),
  `change_message` longtext NOT NULL,
  `content_type_id` int(11) DEFAULT NULL,
  `user_id` bigint(20) NOT NULL
) ENGINE=InnoDB DEFAULT CHARSET=utf8mb4 COLLATE=utf8mb4_unicode_ci;

-- --------------------------------------------------------

--
-- Table structure for table `django_content_type`
--

CREATE TABLE `django_content_type` (
  `id` int(11) NOT NULL,
  `app_label` varchar(100) NOT NULL,
  `model` varchar(100) NOT NULL
) ENGINE=InnoDB DEFAULT CHARSET=utf8mb4 COLLATE=utf8mb4_unicode_ci;

--
-- Dumping data for table `django_content_type`
--

INSERT INTO `django_content_type` (`id`, `app_label`, `model`) VALUES
(1, 'admin', 'logentry'),
(13, 'api', 'combo'),
(12, 'api', 'dailyanalytics'),
(7, 'api', 'menucategory'),
(8, 'api', 'menuitem'),
(9, 'api', 'order'),
(11, 'api', 'orderitem'),
(6, 'api', 'owner'),
(14, 'api', 'ownernotification'),
(15, 'api', 'ownernotificationsetting'),
(10, 'api', 'restaurant'),
(3, 'auth', 'group'),
(2, 'auth', 'permission'),
(4, 'contenttypes', 'contenttype'),
(5, 'sessions', 'session');

-- --------------------------------------------------------

--
-- Table structure for table `django_migrations`
--

CREATE TABLE `django_migrations` (
  `id` bigint(20) NOT NULL,
  `app` varchar(255) NOT NULL,
  `name` varchar(255) NOT NULL,
  `applied` datetime(6) NOT NULL
) ENGINE=InnoDB DEFAULT CHARSET=utf8mb4 COLLATE=utf8mb4_unicode_ci;

--
-- Dumping data for table `django_migrations`
--

INSERT INTO `django_migrations` (`id`, `app`, `name`, `applied`) VALUES
(1, 'contenttypes', '0001_initial', '2026-03-11 10:44:02.210879'),
(2, 'api', '0001_initial', '2026-03-11 10:44:02.517249'),
(3, 'admin', '0001_initial', '2026-03-11 10:44:02.624722'),
(4, 'admin', '0002_logentry_remove_auto_add', '2026-03-11 10:44:02.649264'),
(5, 'admin', '0003_logentry_add_action_flag_choices', '2026-03-11 10:44:02.671251'),
(6, 'contenttypes', '0002_remove_content_type_name', '2026-03-11 10:44:02.719096'),
(7, 'auth', '0001_initial', '2026-03-11 10:44:02.909139'),
(8, 'auth', '0002_alter_permission_name_max_length', '2026-03-11 10:44:02.955404'),
(9, 'auth', '0003_alter_user_email_max_length', '2026-03-11 10:44:02.973479'),
(10, 'auth', '0004_alter_user_username_opts', '2026-03-11 10:44:02.990745'),
(11, 'auth', '0005_alter_user_last_login_null', '2026-03-11 10:44:03.003792'),
(12, 'auth', '0006_require_contenttypes_0002', '2026-03-11 10:44:03.008637'),
(13, 'auth', '0007_alter_validators_add_error_messages', '2026-03-11 10:44:03.019883'),
(14, 'auth', '0008_alter_user_username_max_length', '2026-03-11 10:44:03.030097'),
(15, 'auth', '0009_alter_user_last_name_max_length', '2026-03-11 10:44:03.040577'),
(16, 'auth', '0010_alter_group_name_max_length', '2026-03-11 10:44:03.061740'),
(17, 'auth', '0011_update_proxy_permissions', '2026-03-11 10:44:03.077373'),
(18, 'auth', '0012_alter_user_first_name_max_length', '2026-03-11 10:44:03.085961'),
(19, 'sessions', '0001_initial', '2026-03-11 10:44:03.111594'),
(20, 'api', '0002_dailyanalytics', '2026-03-16 04:10:37.706014'),
(22, 'api', '0003_combo', '2026-03-19 14:28:54.415901'),
(23, 'api', '0004_order_rating_order_review_notes', '2026-03-19 14:51:49.071149'),
(24, 'api', '0005_menuitem_discount_price_menuitem_discount_until', '2026-03-20 13:25:48.564183'),
(25, 'api', '0006_menuitem_state_alter_menuitem_spice_level', '2026-03-21 15:11:33.788878'),
(26, 'api', '0007_ownernotification', '2026-03-24 11:52:52.647814'),
(27, 'api', '0008_alter_ownernotification_notification_type_and_more', '2026-03-24 12:13:24.585043'),
(28, 'api', '0009_menuitem_price_optimized_count', '2026-03-24 12:45:24.066123');

-- --------------------------------------------------------

--
-- Table structure for table `django_session`
--

CREATE TABLE `django_session` (
  `session_key` varchar(40) NOT NULL,
  `session_data` longtext NOT NULL,
  `expire_date` datetime(6) NOT NULL
) ENGINE=InnoDB DEFAULT CHARSET=utf8mb4 COLLATE=utf8mb4_unicode_ci;

--
-- Dumping data for table `django_session`
--

INSERT INTO `django_session` (`session_key`, `session_data`, `expire_date`) VALUES
('iowvjvkp05yh0bsoqhhqchpqxiih8cc9', '.eJxVjEEOwiAQAP_C2RAWaAGP3vsGsuxubdXQpLQn499Nkx70OjOZt8q4b1Pem6x5ZnVVoC6_rCA9pR6CH1jvi6albutc9JHo0zY9LCyv29n-DSZs07EFw5Q6xCDGWVfI-hgMGx9JRuohYi8cw-hTcL6XztsCjoWAYoLOg_p8AdlgN2w:1w21ed:FpjTz1RNcIaJrZO3YfPL7KrJqHzEl4fOy4Q6mLw4r6s', '2026-03-30 06:42:19.602903'),
('lum1lsqpemt01dya5roa7q5actl61j92', '.eJxVjEEOwiAQAP_C2RAWaAGP3vsGsuxubdXQpLQn499Nkx70OjOZt8q4b1Pem6x5ZnVVoC6_rCA9pR6CH1jvi6albutc9JHo0zY9LCyv29n-DSZs07EFw5Q6xCDGWVfI-hgMGx9JRuohYi8cw-hTcL6XztsCjoWAYoLOg_p8AdlgN2w:1w21fN:aVgSgZ5WLDAvJcyuyd0sgWlyAr_e8ZgyTT01UWp8gRE', '2026-03-30 06:43:05.161881');

-- --------------------------------------------------------

--
-- Table structure for table `menu_categories`
--

CREATE TABLE `menu_categories` (
  `id` bigint(20) NOT NULL,
  `name` varchar(100) NOT NULL,
  `icon` varchar(10) NOT NULL,
  `sort_order` int(11) NOT NULL,
  `created_at` datetime(6) NOT NULL,
  `restaurant_id` bigint(20) NOT NULL
) ENGINE=InnoDB DEFAULT CHARSET=utf8mb4 COLLATE=utf8mb4_unicode_ci;

--
-- Dumping data for table `menu_categories`
--

INSERT INTO `menu_categories` (`id`, `name`, `icon`, `sort_order`, `created_at`, `restaurant_id`) VALUES
(1, 'noodles', '🥗', 0, '2026-03-11 16:35:50.720030', 3),
(2, 'Indian style', '🍽️', 0, '2026-03-11 17:23:14.868220', 2),
(3, 'Chinese', '🍽️', 0, '2026-03-11 17:23:23.363962', 2),
(4, 'western', '🍽️', 0, '2026-03-11 17:23:38.640322', 2),
(5, 'starters', '🍖', 0, '2026-03-11 18:21:00.470832', 4),
(6, 'Chinese', '🍜', 0, '2026-03-11 18:33:31.725297', 4),
(7, 'Indian curries', '🥗', 0, '2026-03-11 18:39:28.732561', 4),
(8, 'JUICES', '🥤', 0, '2026-03-12 03:51:30.166854', 4),
(9, 'Desserts', '🍹', 0, '2026-03-12 05:08:28.878804', 4),
(10, 'Roti/Naan\'s', '🫓', 0, '2026-03-15 13:43:20.655823', 4),
(11, 'Biryani', '🍛', 0, '2026-03-15 20:10:21.419602', 4),
(12, 'starters', '🍖', 0, '2026-03-17 13:57:16.914651', 3),
(14, 'Chinese', '🍜', 0, '2026-03-19 07:30:20.392625', 8),
(15, 'ice cream', '🍹', 0, '2026-03-19 09:15:20.232858', 8),
(18, 'Biryani', '🍽️', 0, '2026-03-22 09:33:51.268419', 11),
(19, 'chicken Biryanis', '🍽️', 0, '2026-03-22 09:38:25.027389', 11),
(20, 'Biryani', '🍛', 0, '2026-03-22 09:39:40.794011', 11),
(21, 'lunch', '🍽️', 0, '2026-03-24 05:07:14.792710', 12),
(22, 'ice cream', '🍹', 0, '2026-03-24 07:42:39.534486', 12),
(23, 'Biryani', '🍽️', 0, '2026-03-24 07:49:48.663771', 13),
(27, 'Biryani', '🍛', 0, '2026-03-24 13:35:14.727290', 17),
(28, 'lunch', '🥗', 0, '2026-03-28 05:15:09.190714', 19);

-- --------------------------------------------------------

--
-- Table structure for table `menu_items`
--

CREATE TABLE `menu_items` (
  `id` bigint(20) NOT NULL,
  `name` varchar(255) NOT NULL,
  `description` longtext NOT NULL,
  `price` decimal(10,2) NOT NULL,
  `image` varchar(100) DEFAULT NULL,
  `image_url` varchar(200) NOT NULL,
  `is_available` tinyint(1) NOT NULL,
  `prep_time` varchar(50) NOT NULL,
  `spice_level` varchar(20) NOT NULL,
  `tags` longtext CHARACTER SET utf8mb4 COLLATE utf8mb4_bin NOT NULL CHECK (json_valid(`tags`)),
  `is_popular` tinyint(1) NOT NULL,
  `created_at` datetime(6) NOT NULL,
  `updated_at` datetime(6) NOT NULL,
  `category_id` bigint(20) DEFAULT NULL,
  `restaurant_id` bigint(20) NOT NULL,
  `discount_price` decimal(10,2) DEFAULT NULL,
  `discount_until` datetime(6) DEFAULT NULL,
  `state` varchar(20) NOT NULL,
  `price_optimized_count` int(11) NOT NULL
) ENGINE=InnoDB DEFAULT CHARSET=utf8mb4 COLLATE=utf8mb4_unicode_ci;

--
-- Dumping data for table `menu_items`
--

INSERT INTO `menu_items` (`id`, `name`, `description`, `price`, `image`, `image_url`, `is_available`, `prep_time`, `spice_level`, `tags`, `is_popular`, `created_at`, `updated_at`, `category_id`, `restaurant_id`, `discount_price`, `discount_until`, `state`, `price_optimized_count`) VALUES
(4, 'biryani', 'special, dum biryani', 135.00, 'menu_items/menu_item_1773249891733.jpg', '', 1, '10', 'Hot', '[\"chicken\", \"popular\"]', 0, '2026-03-11 17:25:37.068165', '2026-03-11 17:25:37.079769', 2, 2, NULL, NULL, 'Solids', 0),
(5, 'Dr', '', 55.00, '', '', 1, '15 mins', 'Mild', '[]', 0, '2026-03-11 17:26:02.396853', '2026-03-11 17:26:27.277051', 3, 2, NULL, NULL, 'Solids', 0),
(6, 'chilli chicken', '', 185.00, 'menu_items/menu_item_1773253797507.jpg', '', 1, '10 minutes', 'Medium', '[]', 0, '2026-03-11 18:30:04.949324', '2026-03-15 14:17:41.299969', 5, 4, NULL, NULL, 'Solids', 0),
(7, 'chicken 65', '', 200.00, 'menu_items/menu_item_1773253850254.jpg', '', 1, '10 minutes', 'Hot', '[]', 0, '2026-03-11 18:31:07.226981', '2026-03-20 13:31:25.080461', 5, 4, 170.00, '2026-03-22 13:31:25.080277', 'Solids', 0),
(8, 'chicken majestic', '', 240.00, 'menu_items/menu_item_1773253930289.jpg', '', 1, '15 minutes', 'Mild', '[]', 0, '2026-03-11 18:32:32.819343', '2026-03-27 07:51:30.239594', 5, 4, NULL, NULL, 'Solids', 0),
(9, 'chicken fried rice', '', 210.00, 'menu_items/menu_item_1773254112142.jpg', '', 1, '15 mins', 'Mild', '[]', 0, '2026-03-11 18:35:27.851987', '2026-03-24 12:33:55.335279', 6, 4, NULL, NULL, 'Solids', 0),
(10, 'egg fried rice', '', 160.00, 'menu_items/menu_item_1773254198752.jpg', '', 1, '15 mins', 'Mild', '[]', 0, '2026-03-11 18:36:47.105235', '2026-03-16 06:31:08.132319', 6, 4, NULL, NULL, 'Solids', 0),
(11, 'Jeera rice', '', 150.00, 'menu_items/menu_item_1773254254339.jpg', '', 1, '15 mins', 'Mild', '[\"Veg\"]', 0, '2026-03-11 18:37:40.636182', '2026-03-24 03:45:07.123890', 6, 4, NULL, NULL, 'Solids', 0),
(17, 'Orange Juice', 'Natural fruits', 90.00, 'menu_items/menu_item_1773287590128.jpg', '', 1, '10 minutes', 'Mild', '[\"fruit juice\"]', 0, '2026-03-12 03:55:18.177968', '2026-03-28 03:04:34.197007', 8, 4, 76.50, '2026-04-04 03:04:34.196919', 'Solids', 0),
(18, 'Pineapple Juice', 'Natural fruits', 140.00, 'menu_items/menu_item_1773287819797.jpg', '', 1, '10 minutes', 'Mild', '[\"Fruit juice\"]', 0, '2026-03-12 03:57:19.929668', '2026-03-15 14:17:33.625433', 8, 4, NULL, NULL, 'Solids', 0),
(19, 'Apple Juice', 'Natural fruits', 140.00, 'menu_items/menu_item_1773287989330.jpg', '', 1, '10', 'Sweet', '[\"Fruit juice\"]', 0, '2026-03-12 04:00:15.973843', '2026-03-21 16:23:06.221208', 8, 4, NULL, NULL, 'Solids', 0),
(20, 'Mango Juice', 'Natural fruits', 120.00, 'menu_items/menu_item_1773288057350.jpg', '', 1, '10 minutes', 'Mild', '[\"Fruit juices\"]', 0, '2026-03-12 04:01:34.345213', '2026-03-15 14:17:25.700167', 8, 4, NULL, NULL, 'Solids', 0),
(26, 'Mix Veg Curry', 'indian style', 179.00, 'menu_items/menu_item_1773600950614.jpg', '', 1, '15', 'Mild', '[\"veg\"]', 0, '2026-03-15 18:56:04.205337', '2026-03-22 08:53:24.156268', 7, 4, 152.15, '2026-03-29 08:53:24.156168', 'Solids', 0),
(27, 'ice cream', 'tender', 149.00, 'menu_items/menu_item_1773601191345.jpg', '', 1, '5 minutes', 'Mild', '[\"sweet\"]', 0, '2026-03-15 19:00:44.495427', '2026-03-15 19:00:44.508795', 9, 4, NULL, NULL, 'Solids', 0),
(28, 'chocolate cake', 'Tender', 159.00, 'menu_items/menu_item_1773601457619.jpg', '', 1, '5 minutes', 'Mild', '[\"cake\"]', 0, '2026-03-15 19:06:05.273614', '2026-03-15 19:06:05.286107', 9, 4, NULL, NULL, 'Solids', 0),
(29, 'Gulab jamun', 'Tender', 149.00, 'menu_items/menu_item_1773601849624.jpg', '', 1, '10 minutes', 'Mild', '[\"sweet\"]', 0, '2026-03-15 19:11:09.907521', '2026-03-15 19:11:09.939753', 9, 4, NULL, NULL, 'Solids', 0),
(30, 'Rasgulla', 'sweet', 159.00, 'menu_items/menu_item_1773601909039.jpg', '', 1, '10 minutes', 'Mild', '[\"sweet\"]', 0, '2026-03-15 19:12:00.634029', '2026-03-15 19:12:00.645167', 9, 4, NULL, NULL, 'Solids', 0),
(31, 'Brownie', 'sweet', 189.00, 'menu_items/menu_item_1773601956061.jpg', '', 1, '10 minutes', 'Mild', '[\"sweet\"]', 0, '2026-03-15 19:12:46.903658', '2026-03-28 03:02:08.787144', 9, 4, NULL, NULL, 'Solids', 0),
(32, 'Donut', 'sweet', 159.00, 'menu_items/menu_item_1773602015253.jpg', '', 1, '5 minutes', 'Mild', '[\"Sweet\"]', 0, '2026-03-15 19:13:48.908001', '2026-03-15 19:13:48.918427', 9, 4, NULL, NULL, 'Solids', 0),
(33, 'Veg fried rice', '', 149.00, 'menu_items/menu_item_1773602263766.jpg', '', 1, '15 minutes', 'Hot', '[\"Fried rice\"]', 0, '2026-03-15 19:18:10.451519', '2026-03-15 19:18:10.465616', 6, 4, NULL, NULL, 'Solids', 0),
(34, 'Paneer fried rice', '', 169.00, 'menu_items/menu_item_1773602327386.jpg', '', 1, '15 minutes', 'Medium', '[\"Fried rice\"]', 0, '2026-03-15 19:19:03.247189', '2026-03-16 06:30:58.545066', 6, 4, NULL, NULL, 'Solids', 0),
(35, 'Prawns Fried rice', '', 219.00, 'menu_items/menu_item_1773602478976.jpg', '', 1, '20 minutes', 'Medium', '[\"popular\"]', 0, '2026-03-15 19:21:37.611809', '2026-03-15 19:21:37.622414', 6, 4, NULL, NULL, 'Solids', 0),
(36, 'Dai fry Tadaka', 'veg curry', 189.00, 'menu_items/menu_item_1773602761677.jpg', '', 1, '15 minutes', 'Mild', '[\"Veg\"]', 0, '2026-03-15 19:26:31.229124', '2026-03-15 19:26:31.240918', 7, 4, NULL, NULL, 'Solids', 0),
(37, 'Panner Kaju curry', 'veg curry', 239.00, 'menu_items/menu_item_1773602848671.jpg', '', 1, '15 minutes', 'Medium', '[\"Veg\"]', 0, '2026-03-15 19:27:47.932987', '2026-03-24 11:53:55.218588', 7, 4, 203.15, '2026-03-26 11:53:55.218518', 'Solids', 0),
(38, 'Butter chicken', 'chicken', 269.00, 'menu_items/menu_item_1773603240735.jpg', '', 1, '15 minutes', 'Medium', '[\"Non veg\"]', 0, '2026-03-15 19:34:20.990879', '2026-03-15 19:34:21.002935', 7, 4, NULL, NULL, 'Solids', 0),
(39, 'Telangana chicken', 'chicken', 239.00, 'menu_items/menu_item_1773603319585.jpg', '', 1, '10 minutes', 'Mild', '[\"Non veg\"]', 0, '2026-03-15 19:35:33.739722', '2026-03-22 08:52:38.009485', 7, 4, 203.15, '2026-03-29 08:52:38.007513', 'Solids', 0),
(40, 'Chicken tikka masala', 'chicken', 249.00, 'menu_items/menu_item_1773603360830.jpg', '', 1, '15 minutes', 'Medium', '[\"Non veg\"]', 0, '2026-03-15 19:36:12.737881', '2026-03-15 19:36:12.760801', 7, 4, NULL, NULL, 'Solids', 0),
(41, 'Watermelon juice', 'juice', 120.00, 'menu_items/menu_item_1773603624516.jpg', '', 1, '10 minutes', 'Mild', '[\"drink\"]', 0, '2026-03-15 19:40:38.400744', '2026-03-15 19:40:38.413027', 8, 4, NULL, NULL, 'Solids', 0),
(42, 'Grape juice', 'juice', 149.00, 'menu_items/menu_item_1773603675140.jpg', '', 1, '20 minutes', 'Mild', '[\"Drink\"]', 0, '2026-03-15 19:41:25.840294', '2026-03-15 19:41:25.848930', 8, 4, NULL, NULL, 'Solids', 0),
(43, 'Papaya juice', 'juice', 129.00, 'menu_items/menu_item_1773603724570.jpg', '', 1, '10 minutes', 'Mild', '[\"Drink\"]', 0, '2026-03-15 19:42:22.260653', '2026-03-15 19:42:22.282180', 8, 4, NULL, NULL, 'Solids', 0),
(44, 'Veg Manchurian', 'veg', 189.00, 'menu_items/menu_item_1773603903566.jpg', '', 1, '10 minutes', 'Medium', '[\"Veg\"]', 0, '2026-03-15 19:45:20.988403', '2026-03-15 19:45:20.999442', 5, 4, NULL, NULL, 'Solids', 0),
(45, 'Panner tikka', 'starter', 199.00, 'menu_items/menu_item_1773603976709.jpg', '', 1, '15 minutes', 'Mild', '[\"Veg\"]', 0, '2026-03-15 19:46:28.217557', '2026-03-15 19:46:28.229604', 5, 4, NULL, NULL, 'Solids', 0),
(46, 'chicken Lollipop', 'starter', 239.00, 'menu_items/menu_item_1773604036162.jpg', '', 1, '15 minutes', 'Medium', '[\"popular\"]', 0, '2026-03-15 19:47:34.408140', '2026-03-15 19:47:34.415852', 5, 4, NULL, NULL, 'Solids', 0),
(47, 'Butter Naan', 'Naan', 55.00, 'menu_items/menu_item_1773604552375.jpg', '', 1, '10 minutes', 'Mild', '[\"veg\"]', 0, '2026-03-15 19:56:07.140966', '2026-03-15 19:56:07.189382', 10, 4, NULL, NULL, 'Solids', 0),
(48, 'Tandoori Roti', 'Roti', 40.00, 'menu_items/menu_item_1773604606548.jpg', '', 1, '10 minutes', 'Mild', '[\"veg\"]', 0, '2026-03-15 19:56:55.965766', '2026-03-15 19:56:55.981819', 10, 4, NULL, NULL, 'Solids', 0),
(49, 'Garlic Naan', 'Naan', 60.00, 'menu_items/menu_item_1773604649237.jpg', '', 1, '15 minutes', 'Medium', '[\"Veg\"]', 0, '2026-03-15 19:57:40.493118', '2026-03-22 08:54:15.446995', 10, 4, 51.00, '2026-03-29 08:54:15.446889', 'Solids', 0),
(50, 'Plain Roti', 'Roti', 35.00, 'menu_items/menu_item_1773604701116.jpg', '', 1, '5 minutes', 'Mild', '[\"Veg\"]', 0, '2026-03-15 19:58:33.230311', '2026-03-15 19:58:33.244090', 10, 4, NULL, NULL, 'Solids', 0),
(51, 'Masala Kuicha', 'Kuicha', 70.00, 'menu_items/menu_item_1773604746174.jpg', '', 1, '15 minutes', 'Hot', '[\"Veg\"]', 0, '2026-03-15 19:59:18.373670', '2026-03-15 19:59:18.383039', 10, 4, NULL, NULL, 'Solids', 0),
(52, 'Alu Parota', 'Parota', 75.00, 'menu_items/menu_item_1773604807593.jpg', '', 1, '15 minutes', 'Mild', '[\"Veg\"]', 0, '2026-03-15 20:00:13.732774', '2026-03-15 20:00:13.744095', 10, 4, NULL, NULL, 'Solids', 0),
(53, 'plain Naan', 'Naa', 45.00, 'menu_items/menu_item_1773604932269.jpg', '', 1, '10 minutes', 'Mild', '[\"Veg\"]', 0, '2026-03-15 20:02:22.120927', '2026-03-15 20:02:22.135968', 10, 4, NULL, NULL, 'Solids', 0),
(54, 'Chicken Biryani', 'Chicken biryani is a celebrated South Asian one-pot dish featuring marinated chicken, fragrant basmati rice, and aromatic spices cooked together using the dum (slow-steaming) method', 730.00, 'menu_items/menu_item_1773605748728.jpg', '', 1, '10 minutes', 'Medium', '[\"Non-Veg\"]', 1, '2026-03-15 20:16:13.220818', '2026-03-24 13:06:45.636432', 11, 4, NULL, NULL, 'Solids', 3),
(55, 'Egg Biryani', 'Biryani', 229.00, 'menu_items/menu_item_1773605803146.jpg', '', 1, '10 minutes', 'Medium', '[\"Non-Veg\"]', 0, '2026-03-15 20:16:56.688506', '2026-03-24 03:45:31.540587', 11, 4, NULL, NULL, 'Solids', 0),
(57, 'Prawns Biryani', 'Biryani', 319.00, 'menu_items/menu_item_1773605897063.jpg', '', 1, '10 minutes', 'Medium', '[\"popular\"]', 0, '2026-03-15 20:18:34.531037', '2026-03-16 06:30:55.820718', 11, 4, NULL, NULL, 'Solids', 0),
(58, 'Fish Biryani', 'Biryani', 289.00, 'menu_items/menu_item_1773605949782.jpg', '', 1, '10 minutes', 'Mild', '[\"Non-Veg\"]', 0, '2026-03-15 20:19:20.787987', '2026-03-24 03:45:50.646838', 11, 4, NULL, NULL, 'Solids', 0),
(59, 'Mutton Biryani', 'Biryani', 349.00, 'menu_items/menu_item_1773606037039.jpg', '', 1, '10 minutes', 'Hot', '[\"popular\"]', 0, '2026-03-15 20:21:28.982672', '2026-03-16 06:31:02.043914', 11, 4, NULL, NULL, 'Solids', 0),
(60, 'Mushroom Biryani', 'Biryani', 239.00, 'menu_items/menu_item_1773606332705.jpg', '', 1, '10 minutes', 'Mild', '[\"Veg\"]', 0, '2026-03-15 20:26:14.448253', '2026-03-24 03:45:59.668677', 11, 4, NULL, NULL, 'Solids', 0),
(61, 'Paneer Biryani', 'Biryani', 239.00, 'menu_items/menu_1773683312060.jpg', '', 1, '15 mins', 'Medium', '[\"Veg\"]', 0, '2026-03-16 17:48:50.324997', '2026-03-24 03:46:17.581397', 11, 4, NULL, NULL, 'Solids', 0),
(72, 'thg', '', 584.00, '', '', 1, '15 mins', 'Hot', '[]', 0, '2026-03-19 06:59:41.248284', '2026-03-19 06:59:41.248329', 1, 3, NULL, NULL, 'Solids', 0),
(73, 'chicken noodles', '', 1000.00, 'menu_items/menu_1773905470201.jpg', '', 0, '15 mins', 'Mild', '[]', 0, '2026-03-19 07:30:42.003952', '2026-03-19 09:15:06.790968', 14, 8, NULL, NULL, 'Solids', 0),
(74, 'chocolate', '', 100.00, 'menu_items/menu_1773911786083.jpg', '', 1, '15 mins', 'Mild', '[]', 0, '2026-03-19 09:16:30.126287', '2026-03-19 09:16:30.126316', 15, 8, NULL, NULL, 'Solids', 0),
(92, 'Biryani', 'Chicken biryani is a fragrant, flavorful one-pot dish where succulent marinated chicken is layered with fluffy basmati rice, aromatic spices, and caramelized onions, then slow-cooked (dum) to perfection', 250.00, 'menu_items/menu_1774172255867.jpg', '', 1, '15 minutes', 'Mild', '[\"Popular\"]', 0, '2026-03-22 09:35:20.126246', '2026-03-22 09:39:53.340424', 18, 11, NULL, NULL, 'Solids', 0),
(94, 'chicken Biryani', 'cvg', 280.00, 'menu_items/menu_1774328857951.jpg', '', 1, '15', 'Extra Hot', '[\"15\"]', 0, '2026-03-24 05:08:02.433673', '2026-03-24 07:40:25.338849', 21, 12, NULL, NULL, 'Semi-Solid', 0),
(96, 'chicken biryani', '', 200.00, 'menu_items/menu_1774338620621.jpg', '', 1, '15 mins', 'Extra Hot', '[\"popular\"]', 0, '2026-03-24 07:50:33.614614', '2026-03-24 07:50:33.614648', 23, 13, NULL, NULL, 'Solids', 0),
(98, 'mutton Biryani', '', 400.00, 'menu_items/menu_1774359347631.jpg', '', 1, '10 minutes', 'Medium', '[\"Non-Veg\"]', 0, '2026-03-24 13:36:14.779034', '2026-03-24 13:36:14.779062', 27, 17, NULL, NULL, 'Solids', 0),
(99, 'bba', '', 450.00, 'menu_items/menu_1774359536036.jpg', '', 1, '15 mins', 'Sweet', '[]', 0, '2026-03-24 13:39:10.202426', '2026-03-24 13:39:10.202450', 27, 17, NULL, NULL, 'Solids', 0),
(100, 'chicken rice', '', 150.00, 'menu_items/menu_1774674953798.jpg', '', 1, '15 minutes', 'Medium', '[\"Popular\"]', 0, '2026-03-28 05:16:16.337579', '2026-03-28 05:16:16.337639', 28, 19, NULL, NULL, 'Solids', 0);

-- --------------------------------------------------------

--
-- Table structure for table `orders`
--

CREATE TABLE `orders` (
  `id` bigint(20) NOT NULL,
  `table_number` varchar(20) NOT NULL,
  `qr_type` varchar(20) NOT NULL,
  `customer_name` varchar(100) NOT NULL,
  `customer_notes` longtext NOT NULL,
  `subtotal` decimal(10,2) NOT NULL,
  `tax` decimal(10,2) NOT NULL,
  `total` decimal(10,2) NOT NULL,
  `payment_method` varchar(20) NOT NULL,
  `status` varchar(20) NOT NULL,
  `placed_at` datetime(6) NOT NULL,
  `updated_at` datetime(6) NOT NULL,
  `restaurant_id` bigint(20) NOT NULL,
  `rating` int(11) DEFAULT NULL,
  `review_notes` longtext NOT NULL
) ENGINE=InnoDB DEFAULT CHARSET=utf8mb4 COLLATE=utf8mb4_unicode_ci;

--
-- Dumping data for table `orders`
--

INSERT INTO `orders` (`id`, `table_number`, `qr_type`, `customer_name`, `customer_notes`, `subtotal`, `tax`, `total`, `payment_method`, `status`, `placed_at`, `updated_at`, `restaurant_id`, `rating`, `review_notes`) VALUES
(1, '99', 'Table', '', '', 100119.00, 5005.95, 105124.95, 'Online', 'Completed', '2026-03-11 16:50:10.867512', '2026-03-11 16:53:54.143848', 3, NULL, ''),
(2, '', 'Table', '', '', 120.00, 6.00, 126.00, 'Online', 'Completed', '2026-03-11 16:54:41.389181', '2026-03-11 16:55:04.547972', 3, NULL, ''),
(3, '', 'Table', '', '', 340.00, 17.00, 357.00, 'Counter', 'Cancelled', '2026-03-11 18:47:15.257500', '2026-03-11 18:47:45.813704', 4, NULL, ''),
(4, '12', 'Table', '', '', 185.00, 9.25, 194.25, 'Online', 'Completed', '2026-03-11 18:54:39.310013', '2026-03-11 18:58:44.236951', 4, NULL, ''),
(5, '', 'Table', '', '', 160.00, 8.00, 168.00, 'Counter', 'Cancelled', '2026-03-11 18:58:03.728667', '2026-03-12 02:52:27.868931', 4, NULL, ''),
(6, '', 'Table', '', '', 180.00, 9.00, 189.00, 'Online', 'Completed', '2026-03-12 02:56:02.775216', '2026-03-12 02:56:36.071891', 4, NULL, ''),
(7, '15', 'Table', '', '', 720.00, 36.00, 756.00, 'Online', 'Cancelled', '2026-03-12 04:09:25.913570', '2026-03-14 19:14:03.525853', 4, NULL, ''),
(8, '', 'Table', '', '', 320.00, 16.00, 336.00, 'Counter', 'Cancelled', '2026-03-12 04:25:58.809917', '2026-03-14 19:14:02.197845', 4, NULL, ''),
(9, '', 'Table', '', '', 150.00, 7.50, 157.50, 'Counter', 'Cancelled', '2026-03-12 04:26:08.683410', '2026-03-14 19:14:00.802466', 4, NULL, ''),
(10, '', 'Table', '', '', 360.00, 18.00, 378.00, 'Counter', 'Cancelled', '2026-03-12 04:26:54.725225', '2026-03-14 19:13:59.399526', 4, NULL, ''),
(11, '', 'Table', '', '', 360.00, 18.00, 378.00, 'Counter', 'Cancelled', '2026-03-12 04:27:30.398174', '2026-03-14 19:13:57.583766', 4, NULL, ''),
(12, '', 'Table', '', '', 180.00, 9.00, 189.00, 'Counter', 'Completed', '2026-03-12 04:55:27.726395', '2026-03-12 04:58:16.512230', 4, NULL, ''),
(13, '12', 'Table', '', '', 180.00, 9.00, 189.00, 'Online', 'Cancelled', '2026-03-13 17:11:13.966638', '2026-03-14 19:13:55.474874', 4, NULL, ''),
(14, '12', 'Table', '', '', 180.00, 9.00, 189.00, 'Online', 'Cancelled', '2026-03-13 17:15:24.569584', '2026-03-13 17:15:35.269816', 4, NULL, ''),
(15, '', 'Table', '', '', 160.00, 8.00, 168.00, 'Counter', 'Completed', '2026-03-14 19:17:31.255355', '2026-03-15 14:01:24.216025', 4, NULL, ''),
(16, '', 'Table', '', '', 180.00, 9.00, 189.00, 'Counter', 'Completed', '2026-03-15 10:36:33.494733', '2026-03-15 10:36:51.477720', 4, NULL, ''),
(17, '1', 'Table', '', '', 180.00, 9.00, 189.00, 'Counter', 'Cancelled', '2026-03-15 11:13:18.311595', '2026-03-15 11:14:26.767778', 4, NULL, ''),
(18, '1', 'Table', '', '', 160.00, 8.00, 168.00, 'Counter', 'Completed', '2026-03-15 11:14:41.873321', '2026-03-15 11:15:00.389428', 4, NULL, ''),
(19, '1', 'Table', '', '', 330.00, 16.50, 346.50, 'Online', 'Completed', '2026-03-15 13:19:24.751941', '2026-03-15 13:20:23.234440', 4, NULL, ''),
(20, '6', 'Table', '', '', 185.00, 9.25, 194.25, 'Counter', 'Cancelled', '2026-03-15 13:34:14.035651', '2026-03-15 13:34:37.974696', 4, NULL, ''),
(21, '9', 'Table', '', '', 180.00, 9.00, 189.00, 'Counter', 'Cancelled', '2026-03-15 13:42:37.117410', '2026-03-15 14:13:04.851350', 4, NULL, ''),
(22, '6', 'Table', '', '', 740.00, 37.00, 777.00, 'Counter', 'Completed', '2026-03-15 13:46:57.978516', '2026-03-15 13:47:24.508127', 4, NULL, ''),
(23, '1', 'Table', 'Suddhu', 'First give me chicken 65, after other things', 500.00, 25.00, 525.00, 'Counter', 'Completed', '2026-03-15 13:50:57.246834', '2026-03-15 13:51:36.406493', 4, NULL, ''),
(24, '3', 'Table', 'Siddharth', 'Make it neet and clean', 280.00, 14.00, 294.00, 'Counter', 'Completed', '2026-03-15 14:12:42.533623', '2026-03-15 14:14:01.229414', 4, NULL, ''),
(25, '1', 'Table', '', '', 180.00, 9.00, 189.00, 'Counter', 'Completed', '2026-03-15 14:18:21.018101', '2026-03-15 14:19:06.401683', 4, NULL, ''),
(26, '3', 'Table', '', '', 150.00, 7.50, 157.50, 'Counter', 'Completed', '2026-03-15 17:37:21.049399', '2026-03-15 18:29:18.306268', 4, NULL, ''),
(27, '7', 'Table', 'Yash', 'Yes', 180.00, 9.00, 189.00, 'Counter', 'Completed', '2026-03-15 18:26:13.356407', '2026-03-15 18:26:54.331958', 4, NULL, ''),
(28, '6', 'Table', 'Chan', 'Spicy', 180.00, 9.00, 189.00, 'Counter', 'Completed', '2026-03-15 18:46:53.693784', '2026-03-15 20:29:08.422969', 4, NULL, ''),
(29, '8', 'Table', 'Urban city of joy H Block 811 flat', 'Spicy little bit', 330.00, 16.50, 346.50, 'Counter', 'Completed', '2026-03-15 18:51:25.893336', '2026-03-15 18:52:19.210347', 4, NULL, ''),
(30, '8', 'Table', 'Siddharth', 'Make it fast', 2241.00, 112.05, 2353.05, 'Online', 'Completed', '2026-03-15 20:28:48.560033', '2026-03-15 20:30:00.544716', 4, NULL, ''),
(31, '1', 'Table', '', '', 249.00, 12.45, 261.45, 'Counter', 'Completed', '2026-03-15 20:40:19.048753', '2026-03-16 03:28:11.219587', 4, NULL, ''),
(32, '1', 'Table', '', '', 249.00, 12.45, 261.45, 'Counter', 'Completed', '2026-03-16 04:25:03.493023', '2026-03-16 04:25:19.280503', 4, NULL, ''),
(33, '1', 'Table', '', '', 249.00, 12.45, 261.45, 'Counter', 'Completed', '2026-03-16 04:30:42.464685', '2026-03-16 04:30:55.768748', 4, NULL, ''),
(34, '1', 'Table', '', '', 249.00, 12.45, 261.45, 'Counter', 'Completed', '2026-03-16 04:41:48.796796', '2026-03-16 04:42:13.965197', 4, NULL, ''),
(35, '7', 'Table', '', '', 289.00, 14.45, 303.45, 'Counter', 'Completed', '2026-03-16 04:45:30.919547', '2026-03-16 04:46:44.529704', 4, NULL, ''),
(36, '11', 'Table', '', '', 249.00, 12.45, 261.45, 'Counter', 'Cancelled', '2026-03-16 04:50:09.189823', '2026-03-16 17:41:24.036699', 4, NULL, ''),
(37, '11', 'Table', '', '', 249.00, 12.45, 261.45, 'Counter', 'Completed', '2026-03-16 04:50:11.529205', '2026-03-16 17:41:33.912562', 4, NULL, ''),
(38, '11', 'Table', '', '', 249.00, 12.45, 261.45, 'Counter', 'Completed', '2026-03-16 04:50:14.824068', '2026-03-16 17:41:56.772053', 4, NULL, ''),
(39, '11', 'Table', '', '', 249.00, 12.45, 261.45, 'Counter', 'Cancelled', '2026-03-16 04:50:47.891099', '2026-03-16 17:42:04.962876', 4, NULL, ''),
(40, '5', 'Table', '', '', 518.00, 25.90, 543.90, 'Counter', 'Cancelled', '2026-03-16 04:57:38.753276', '2026-03-16 17:42:06.448326', 4, NULL, ''),
(41, '1', 'Table', '', '', 249.00, 12.45, 261.45, 'Counter', 'Cancelled', '2026-03-16 06:15:20.381088', '2026-03-16 17:42:07.985738', 4, NULL, ''),
(42, '6', 'Table', 'Siddharth', '', 249.00, 12.45, 261.45, 'Counter', 'Cancelled', '2026-03-16 17:42:35.934503', '2026-03-16 17:57:04.186967', 4, NULL, ''),
(43, '5', 'Table', '', '', 239.00, 11.95, 250.95, 'Counter', 'Cancelled', '2026-03-16 17:43:26.144699', '2026-03-16 17:57:02.448617', 4, NULL, ''),
(44, '10', 'Table', 'Siddharth', '', 907.00, 45.35, 952.35, 'Counter', 'Completed', '2026-03-16 17:54:05.533986', '2026-03-16 17:54:52.422488', 4, NULL, ''),
(45, '1', 'Table', 'Siddharth', '', 249.00, 12.45, 261.45, 'Counter', 'Completed', '2026-03-17 11:43:32.452468', '2026-03-17 11:43:48.288503', 4, NULL, ''),
(46, '9', 'Table', 'Siddharth', '', 1036.00, 51.80, 1087.80, 'Counter', 'Completed', '2026-03-17 12:41:55.513508', '2026-03-17 12:46:05.436117', 4, NULL, ''),
(47, '5', 'Table', '', '', 249.00, 12.45, 261.45, 'Counter', 'Completed', '2026-03-17 12:46:21.818631', '2026-03-17 12:46:35.911949', 4, NULL, ''),
(48, '9', 'Table', 'Nikhil', '', 749.00, 37.45, 786.45, 'Online', 'Completed', '2026-03-17 13:36:05.020886', '2026-03-17 13:37:16.401666', 4, NULL, ''),
(49, '3', 'Table', '', '', 289.00, 14.45, 303.45, 'Counter', 'Cancelled', '2026-03-17 14:01:02.255832', '2026-03-18 03:47:05.748909', 4, NULL, ''),
(50, '12', 'Table', '', '', 498.00, 24.90, 522.90, 'Counter', 'Completed', '2026-03-18 03:46:13.873430', '2026-03-18 03:46:52.666026', 4, NULL, ''),
(51, '1', 'Table', 'Egeeh', '', 249.00, 12.45, 261.45, 'Counter', 'Completed', '2026-03-18 03:59:45.048715', '2026-03-18 04:00:24.372966', 4, NULL, ''),
(52, '5', 'Table', '', '', 229.00, 11.45, 240.45, 'Counter', 'Cancelled', '2026-03-18 07:18:33.964649', '2026-03-18 15:49:15.671467', 4, NULL, ''),
(53, '7', 'Table', '', '', 289.00, 14.45, 303.45, 'Counter', 'Cancelled', '2026-03-18 07:19:52.574297', '2026-03-18 15:49:14.315364', 4, NULL, ''),
(54, '6', 'Table', '', '', 229.00, 11.45, 240.45, 'Counter', 'Completed', '2026-03-18 07:20:48.825961', '2026-03-18 07:21:30.329454', 4, NULL, ''),
(55, '6', 'Table', 'Siddharth', 'Make it fast and neat', 478.00, 23.90, 501.90, 'Counter', 'Completed', '2026-03-18 15:52:22.474030', '2026-03-18 15:53:06.234939', 4, NULL, ''),
(56, '7', 'Table', 'Siddharth', '', 229.00, 11.45, 240.45, 'Counter', 'Cancelled', '2026-03-19 03:04:45.129748', '2026-03-19 03:05:45.288446', 4, NULL, ''),
(57, '3', 'Table', 'Siddharth', '', 318.00, 15.90, 333.90, 'Counter', 'Completed', '2026-03-19 05:23:12.900144', '2026-03-19 05:24:27.728311', 4, NULL, ''),
(58, '5', 'Table', '', '', 88.00, 4.40, 92.40, 'Counter', 'Completed', '2026-03-19 05:35:22.846901', '2026-03-19 05:36:32.592080', 3, NULL, ''),
(59, '2', 'Table', 'Siddharth', '', 584.00, 29.20, 613.20, 'Counter', 'Received', '2026-03-19 07:00:10.848403', '2026-03-19 07:00:10.862424', 3, NULL, ''),
(60, '11', 'Table', '', 'Full spicy', 7000.00, 350.00, 7350.00, 'Counter', 'Completed', '2026-03-19 07:32:09.210253', '2026-03-19 07:32:55.006368', 8, NULL, ''),
(61, '7', 'Table', 'Siddharth', '', 289.00, 14.45, 303.45, 'Online', 'Cancelled', '2026-03-19 08:48:00.471013', '2026-03-19 08:51:33.804480', 4, NULL, ''),
(62, '6', 'Table', 'Siddharth', '', 249.00, 12.45, 261.45, 'Counter', 'Completed', '2026-03-19 08:50:38.679385', '2026-03-19 08:51:06.582127', 4, NULL, ''),
(63, '4', 'Table', '', '', 229.00, 11.45, 240.45, 'Counter', 'Cancelled', '2026-03-19 14:42:02.955980', '2026-03-22 08:44:42.118807', 4, NULL, ''),
(64, '2', 'Table', '', '', 229.00, 11.45, 240.45, 'Counter', 'Cancelled', '2026-03-19 14:42:29.745689', '2026-03-22 08:44:40.250426', 4, NULL, ''),
(65, '3', 'Table', '', '', 229.00, 11.45, 240.45, 'Counter', 'Cancelled', '2026-03-19 14:52:24.993934', '2026-03-22 08:44:38.072459', 4, 5, ''),
(66, '7', 'Table', '', '', 229.00, 11.45, 240.45, 'Counter', 'Completed', '2026-03-19 16:40:03.994999', '2026-03-22 08:44:35.586770', 4, NULL, ''),
(67, '1', 'Table', '', '', 290.00, 14.50, 304.50, 'Counter', 'Completed', '2026-03-20 13:52:22.950518', '2026-03-22 08:44:34.787002', 4, NULL, ''),
(68, '5', 'Table', '', '', 239.00, 11.95, 250.95, 'Counter', 'Completed', '2026-03-21 16:40:51.443910', '2026-03-21 17:41:18.886724', 4, NULL, ''),
(69, '8', 'Table', '', '', 1992.00, 99.60, 2091.60, 'Counter', 'Completed', '2026-03-21 17:33:42.247810', '2026-03-21 17:41:07.784659', 4, NULL, ''),
(70, '5', 'Table', '', '', 239.00, 11.95, 250.95, 'Counter', 'Completed', '2026-03-21 17:42:18.099154', '2026-03-22 08:44:33.569713', 4, NULL, ''),
(71, '10', 'Table', '', '', 290.00, 14.50, 304.50, 'Counter', 'Completed', '2026-03-21 17:43:58.640761', '2026-03-22 08:44:32.331764', 4, NULL, ''),
(72, '9', 'Table', '', '', 290.00, 14.50, 304.50, 'Counter', 'Cancelled', '2026-03-21 17:44:16.788507', '2026-03-21 19:10:37.100443', 4, NULL, ''),
(73, '6', 'Table', '', '', 170.00, 8.50, 178.50, 'Counter', 'Cancelled', '2026-03-21 18:00:32.912894', '2026-03-21 19:10:30.995301', 4, NULL, ''),
(74, '8', 'Table', '', '', 170.00, 8.50, 178.50, 'Counter', 'Completed', '2026-03-21 18:14:16.537007', '2026-03-21 18:18:08.209727', 4, NULL, ''),
(75, '8', 'Table', '', '', 290.00, 14.50, 304.50, 'Counter', 'Completed', '2026-03-21 18:33:04.222847', '2026-03-21 19:10:24.134063', 4, NULL, ''),
(76, '8', 'Table', '', '', 564.00, 28.20, 592.20, 'Online', 'Completed', '2026-03-22 09:05:16.161509', '2026-03-22 09:05:45.840018', 4, NULL, ''),
(77, '2', 'Table', '', '', 250.00, 12.50, 262.50, 'Counter', 'Completed', '2026-03-22 09:40:26.682656', '2026-03-22 09:41:46.934896', 11, 3, 'Not bad '),
(78, '7', 'Table', '', '', 250.00, 12.50, 262.50, 'Counter', 'Cancelled', '2026-03-24 02:59:12.459286', '2026-03-24 03:32:54.286608', 4, NULL, ''),
(79, '3', 'Table', 'Siddharth', 'Make it fast', 1462.30, 73.11, 1535.41, 'Counter', 'Completed', '2026-03-24 03:38:14.532246', '2026-03-24 03:39:00.774425', 4, NULL, ''),
(80, '4', 'Table', 'Siddharth', '', 340.00, 17.00, 357.00, 'Counter', 'Cancelled', '2026-03-24 04:31:28.951518', '2026-03-24 07:39:19.782269', 4, NULL, ''),
(81, '6', 'Table', 'Suddhu', 'Ffg', 340.00, 17.00, 357.00, 'Counter', 'Completed', '2026-03-24 07:38:39.274533', '2026-03-24 07:39:28.940723', 4, NULL, ''),
(82, '5', 'Table', '', '', 200.00, 10.00, 210.00, 'Counter', 'Received', '2026-03-24 07:50:54.708041', '2026-03-24 07:50:54.730548', 13, NULL, ''),
(83, '9', 'Table', 'Srini', 'Make it fast', 2083.00, 104.15, 2187.15, 'Counter', 'Cancelled', '2026-03-24 11:41:23.437314', '2026-03-24 11:41:35.040246', 4, NULL, ''),
(84, '4', 'Table', '', '', 2083.00, 104.15, 2187.15, 'Counter', 'Cancelled', '2026-03-24 11:41:37.776489', '2026-03-24 11:41:46.894012', 4, NULL, ''),
(85, '4', 'Table', '', '', 2083.00, 104.15, 2187.15, 'Counter', 'Cancelled', '2026-03-24 11:41:49.638093', '2026-03-24 11:41:53.309472', 4, NULL, ''),
(86, '4', 'Table', 'Siddharth', '', 229.00, 11.45, 240.45, 'Counter', 'Cancelled', '2026-03-24 11:45:53.522302', '2026-03-24 12:16:49.686813', 4, NULL, ''),
(87, '4', 'Table', '', '', 2083.00, 104.15, 2187.15, 'Counter', 'Cancelled', '2026-03-24 11:47:19.372916', '2026-03-24 12:16:48.545930', 4, NULL, ''),
(88, '5', 'Table', '', '', 239.00, 11.95, 250.95, 'Counter', 'Cancelled', '2026-03-24 11:53:23.020548', '2026-03-24 12:16:46.865878', 4, NULL, ''),
(89, '7', 'Table', '', '', 229.00, 11.45, 240.45, 'Counter', 'Cancelled', '2026-03-24 12:02:29.266615', '2026-03-24 12:16:45.300152', 4, NULL, ''),
(90, '1', 'Table', '', '', 289.00, 14.45, 303.45, 'Counter', 'Cancelled', '2026-03-24 12:29:48.710485', '2026-03-24 12:34:24.786498', 4, NULL, ''),
(91, '5', 'Table', '', '', 229.00, 11.45, 240.45, 'Counter', 'Cancelled', '2026-03-24 12:31:00.082157', '2026-03-24 12:34:23.321228', 4, NULL, ''),
(92, '4', 'Table', 'Siddharth', 'F', 744.00, 37.20, 781.20, 'Counter', 'Cancelled', '2026-03-24 12:40:14.911716', '2026-03-24 13:06:04.275795', 4, NULL, ''),
(93, '6', 'Table', '', '', 229.00, 11.45, 240.45, 'Online', 'Cancelled', '2026-03-24 12:52:42.109921', '2026-03-24 13:06:05.797137', 4, NULL, ''),
(94, '5', 'Table', '', '', 229.00, 11.45, 240.45, 'Online', 'Cancelled', '2026-03-24 12:53:19.327745', '2026-03-24 13:06:07.201474', 4, NULL, ''),
(95, '7', 'Table', '', '', 289.00, 14.45, 303.45, 'Online', 'Cancelled', '2026-03-24 12:53:38.603892', '2026-03-24 13:06:08.452157', 4, NULL, ''),
(96, '3', 'Table', '', '', 229.00, 11.45, 240.45, 'Online', 'Cancelled', '2026-03-24 13:01:56.213056', '2026-03-24 13:06:09.871437', 4, NULL, ''),
(97, '8', 'Table', '', '', 289.00, 14.45, 303.45, 'Online', 'Cancelled', '2026-03-24 13:04:16.311091', '2026-03-24 13:06:11.359433', 4, NULL, ''),
(98, '3', 'Table', 'Siddharth', 'Make it fast', 400.00, 20.00, 420.00, 'Online', 'Ready', '2026-03-24 13:37:13.059619', '2026-03-24 13:42:14.253020', 17, NULL, ''),
(99, '6', 'Table', '', '', 400.00, 20.00, 420.00, 'Online', 'Cancelled', '2026-03-24 13:37:48.099409', '2026-03-24 13:38:19.694360', 17, NULL, ''),
(100, '9', 'Table', '', '', 1350.00, 67.50, 1417.50, 'Online', 'Completed', '2026-03-24 13:39:33.899356', '2026-03-24 13:40:39.864482', 17, 3, 'Need to improve surving '),
(101, '5', 'Table', '', '', 450.00, 22.50, 472.50, 'Counter', 'Completed', '2026-03-24 13:42:05.183168', '2026-03-24 13:42:12.881637', 17, NULL, ''),
(102, '8', 'Table', '', '', 450.00, 22.50, 472.50, 'Counter', 'Completed', '2026-03-24 13:42:24.584988', '2026-03-24 13:42:33.544094', 17, NULL, ''),
(103, '9', 'Table', 'Siddharth', 'Make it fast and neat', 979.00, 48.95, 1027.95, 'Online', 'Completed', '2026-03-28 03:00:56.725373', '2026-03-28 03:01:36.690581', 4, NULL, ''),
(104, '4', 'Table', 'Siddharth', '', 189.00, 9.45, 198.45, 'Counter', 'Completed', '2026-03-28 04:21:25.224803', '2026-03-28 05:30:51.763342', 4, NULL, ''),
(105, '3', 'Table', 'Siddharth', '', 730.00, 36.50, 766.50, 'Counter', 'Completed', '2026-03-28 05:20:47.491380', '2026-03-28 05:30:39.213435', 4, NULL, ''),
(106, '6', 'Table', 'Siddharth', '', 150.00, 7.50, 157.50, 'Counter', 'Completed', '2026-03-28 05:21:41.650122', '2026-03-28 05:30:51.316766', 4, NULL, ''),
(107, '5', 'Table', 'Siddharth', '', 300.00, 15.00, 315.00, 'Counter', 'Completed', '2026-03-28 05:22:15.146670', '2026-03-28 05:30:50.884505', 4, NULL, ''),
(108, '2', 'Table', 'Siddharth', '', 450.00, 22.50, 472.50, 'Counter', 'Completed', '2026-03-28 05:22:32.145532', '2026-03-28 05:30:50.532342', 4, NULL, ''),
(109, '7', 'Table', 'Siddharth', '', 450.00, 22.50, 472.50, 'Counter', 'Completed', '2026-03-28 05:22:49.344518', '2026-03-28 05:30:50.047977', 4, NULL, ''),
(110, '8', 'Table', 'Siddharth', '', 150.00, 7.50, 157.50, 'Counter', 'Completed', '2026-03-28 05:23:04.300965', '2026-03-28 05:30:49.257462', 4, NULL, ''),
(111, '1', 'Table', 'Siddharth', '', 150.00, 7.50, 157.50, 'Counter', 'Completed', '2026-03-28 05:23:21.079555', '2026-03-28 05:30:24.046309', 4, NULL, '');

-- --------------------------------------------------------

--
-- Table structure for table `order_items`
--

CREATE TABLE `order_items` (
  `id` bigint(20) NOT NULL,
  `name` varchar(255) NOT NULL,
  `price` decimal(10,2) NOT NULL,
  `quantity` int(11) NOT NULL,
  `notes` longtext NOT NULL,
  `menu_item_id` bigint(20) DEFAULT NULL,
  `order_id` bigint(20) NOT NULL
) ENGINE=InnoDB DEFAULT CHARSET=utf8mb4 COLLATE=utf8mb4_unicode_ci;

--
-- Dumping data for table `order_items`
--

INSERT INTO `order_items` (`id`, `name`, `price`, `quantity`, `notes`, `menu_item_id`, `order_id`) VALUES
(1, 'noodles', 120.00, 1, '', NULL, 1),
(2, 'dhdj\nzgd', 99999.00, 1, '', NULL, 1),
(3, 'noodles', 120.00, 1, '', NULL, 2),
(4, 'chicken fried rice', 180.00, 1, '', 9, 3),
(5, 'egg fried rice', 160.00, 1, '', 10, 3),
(6, 'chilli chicken', 185.00, 1, '', 6, 4),
(7, 'egg fried rice', 160.00, 1, '', 10, 5),
(8, 'chicken fried rice', 180.00, 1, '', 9, 6),
(9, 'Mango Juice', 120.00, 6, '', 20, 7),
(10, 'egg fried rice', 160.00, 2, '', 10, 8),
(11, 'Jeera rice', 150.00, 1, '', 11, 9),
(12, 'chicken fried rice', 180.00, 2, '', 9, 10),
(13, 'chicken fried rice', 180.00, 2, '', 9, 11),
(14, 'chicken fried rice', 180.00, 1, '', 9, 12),
(15, 'chicken fried rice', 180.00, 1, '', 9, 13),
(16, 'chicken fried rice', 180.00, 1, '', 9, 14),
(17, 'egg fried rice', 160.00, 1, '', 10, 15),
(18, 'chicken fried rice', 180.00, 1, '', 9, 16),
(19, 'chicken fried rice', 180.00, 1, '', 9, 17),
(20, 'egg fried rice', 160.00, 1, '', 10, 18),
(21, 'Jeera rice', 150.00, 1, '', 11, 19),
(22, 'chicken fried rice', 180.00, 1, '', 9, 19),
(23, 'chilli chicken', 185.00, 1, '', 6, 20),
(24, 'chicken fried rice', 180.00, 1, '', 9, 21),
(25, 'chicken fried rice', 180.00, 1, '', 9, 22),
(26, 'egg fried rice', 160.00, 1, '', 10, 22),
(27, 'chicken 65', 200.00, 2, '', 7, 22),
(28, 'chicken fried rice', 180.00, 1, '', 9, 23),
(29, 'Hyderabad Dum Biryani', 120.00, 1, '', NULL, 23),
(30, 'chicken 65', 200.00, 1, '', 7, 23),
(31, 'egg fried rice', 160.00, 1, '', 10, 24),
(32, 'Mango Juice', 120.00, 1, '', 20, 24),
(33, 'chicken fried rice', 180.00, 1, '', 9, 25),
(34, 'Jeera rice', 150.00, 1, '', 11, 26),
(35, 'chicken fried rice', 180.00, 1, '', 9, 27),
(36, 'chicken fried rice', 180.00, 1, '', 9, 28),
(37, 'chicken fried rice', 180.00, 1, '', 9, 29),
(38, 'Jeera rice', 150.00, 1, '', 11, 29),
(39, 'Chicken Biryani', 249.00, 9, '', 54, 30),
(40, 'Chicken Biryani', 249.00, 1, '', 54, 31),
(41, 'Chicken Biryani', 249.00, 1, '', 54, 32),
(42, 'Chicken Biryani', 249.00, 1, '', 54, 33),
(43, 'Chicken Biryani', 249.00, 1, '', 54, 34),
(44, 'Fish Biryani', 289.00, 1, '', 58, 35),
(45, 'Chicken Biryani', 249.00, 1, '', 54, 36),
(46, 'Chicken Biryani', 249.00, 1, '', 54, 37),
(47, 'Chicken Biryani', 249.00, 1, '', 54, 38),
(48, 'Chicken Biryani', 249.00, 1, '', 54, 39),
(49, 'Egg Biryani', 229.00, 1, '', 55, 40),
(50, 'Fish Biryani', 289.00, 1, '', 58, 40),
(51, 'Chicken Biryani', 249.00, 1, '', 54, 41),
(52, 'Chicken tikka masala', 249.00, 1, '', 40, 42),
(53, 'Telangana chicken', 239.00, 1, '', 39, 43),
(54, 'Chicken Biryani', 249.00, 1, '', 54, 44),
(55, 'Mango Juice', 120.00, 1, '', 20, 44),
(56, 'Mix Veg Curry', 179.00, 1, '', 26, 44),
(57, 'Panner Kaju curry', 239.00, 1, '', 37, 44),
(58, 'Garlic Naan', 60.00, 2, '', 49, 44),
(59, 'Chicken Biryani', 249.00, 1, '', 54, 45),
(60, 'Chicken Biryani', 249.00, 1, '', 54, 46),
(61, 'Fish Biryani', 289.00, 1, '', 58, 46),
(62, 'Chicken tikka masala', 249.00, 2, '', 40, 46),
(63, 'Chicken Biryani', 249.00, 1, '', 54, 47),
(64, 'chicken fried rice', 180.00, 1, '', 9, 48),
(65, 'Panner Kaju curry', 239.00, 1, '', 37, 48),
(66, 'Orange Juice', 90.00, 1, '', 17, 48),
(67, 'Butter Naan', 55.00, 1, '', 47, 48),
(68, 'chilli chicken', 185.00, 1, '', 6, 48),
(69, 'Fish Biryani', 289.00, 1, '', 58, 49),
(70, 'Chicken Biryani', 249.00, 1, '', 54, 50),
(71, 'Chicken tikka masala', 249.00, 1, '', 40, 50),
(72, 'Chicken Biryani', 249.00, 1, '', 54, 51),
(73, 'Egg Biryani', 229.00, 1, '', 55, 52),
(74, 'Fish Biryani', 289.00, 1, '', 58, 53),
(75, 'Egg Biryani', 229.00, 1, '', 55, 54),
(76, 'Chicken Biryani', 249.00, 1, '', 54, 55),
(77, 'Egg Biryani', 229.00, 1, '', 55, 55),
(78, 'Egg Biryani', 229.00, 1, '', 55, 56),
(79, 'chocolate cake', 159.00, 2, '', 28, 57),
(80, 'gxxgx', 88.00, 1, '', NULL, 58),
(81, 'thg', 584.00, 1, '', 72, 59),
(82, 'chicken noodles', 1000.00, 7, '', 73, 60),
(83, 'Fish Biryani', 289.00, 1, '', 58, 61),
(84, 'Chicken tikka masala', 249.00, 1, '', 40, 62),
(85, 'Egg Biryani', 229.00, 1, '', 55, 63),
(86, 'Egg Biryani', 229.00, 1, '', 55, 64),
(87, 'Egg Biryani', 229.00, 1, '', 55, 65),
(88, 'Egg Biryani', 229.00, 1, '', 55, 66),
(89, 'Chicken Biryani', 290.00, 1, '', 54, 67),
(90, 'Mushroom Biryani', 239.00, 1, '', 60, 68),
(91, 'Mushroom Biryani', 239.00, 3, '', 60, 69),
(92, 'Alu Parota', 75.00, 17, '', 52, 69),
(93, 'Mushroom Biryani', 239.00, 1, '', 60, 70),
(94, 'Chicken Biryani', 290.00, 1, '', 54, 71),
(95, 'Chicken Biryani', 290.00, 1, '', 54, 72),
(96, 'chicken 65', 170.00, 1, '', 7, 73),
(97, 'chicken 65', 170.00, 1, '', 7, 74),
(98, 'Chicken Biryani', 290.00, 1, '', 54, 75),
(99, 'Chicken Biryani', 315.00, 1, '', 54, 76),
(100, 'Chicken tikka masala', 249.00, 1, '', 40, 76),
(101, 'Biryani', 250.00, 1, '', 92, 77),
(102, 'chicken', 250.00, 1, '', NULL, 78),
(103, 'Chicken Biryani', 315.00, 1, '', 54, 79),
(104, 'Chicken tikka masala', 249.00, 1, '', 40, 79),
(105, 'chicken Lollipop', 239.00, 1, '', 46, 79),
(106, 'chilli chicken', 185.00, 1, '', 6, 79),
(107, 'Butter Naan', 55.00, 1, '', 47, 79),
(108, 'Masala Kuicha', 70.00, 1, '', 51, 79),
(109, 'plain Naan', 45.00, 1, '', 53, 79),
(110, 'Mix Veg Curry', 152.15, 2, '', 26, 79),
(111, 'Chicken Biryani', 340.00, 1, '', 54, 80),
(112, 'Chicken Biryani', 340.00, 1, '', 54, 81),
(113, 'chicken biryani', 200.00, 1, '', 96, 82),
(114, 'Chicken tikka masala', 249.00, 7, '', 40, 83),
(115, 'Chicken Biryani', 340.00, 1, '', 54, 83),
(116, 'Chicken tikka masala', 249.00, 7, '', 40, 84),
(117, 'Chicken Biryani', 340.00, 1, '', 54, 84),
(118, 'Chicken tikka masala', 249.00, 7, '', 40, 85),
(119, 'Chicken Biryani', 340.00, 1, '', 54, 85),
(120, 'Egg Biryani', 229.00, 1, '', 55, 86),
(121, 'Chicken tikka masala', 249.00, 7, '', 40, 87),
(122, 'Chicken Biryani', 340.00, 1, '', 54, 87),
(123, 'Mushroom Biryani', 239.00, 1, '', 60, 88),
(124, 'Egg Biryani', 229.00, 1, '', 55, 89),
(125, 'Fish Biryani', 289.00, 1, '', 58, 90),
(126, 'Egg Biryani', 229.00, 1, '', 55, 91),
(127, 'Chicken tikka masala', 249.00, 1, '', 40, 92),
(128, 'Chicken Biryani', 495.00, 1, '', 54, 92),
(129, 'Egg Biryani', 229.00, 1, '', 55, 93),
(130, 'Egg Biryani', 229.00, 1, '', 55, 94),
(131, 'Fish Biryani', 289.00, 1, '', 58, 95),
(132, 'Egg Biryani', 229.00, 1, '', 55, 96),
(133, 'Fish Biryani', 289.00, 1, '', 58, 97),
(134, 'mutton Biryani', 400.00, 1, '', 98, 98),
(135, 'mutton Biryani', 400.00, 1, '', 98, 99),
(136, 'bba', 450.00, 3, '', 99, 100),
(137, 'bba', 450.00, 1, '', 99, 101),
(138, 'bba', 450.00, 1, '', 99, 102),
(139, 'Chicken Biryani', 730.00, 1, '', 54, 103),
(140, 'Chicken tikka masala', 249.00, 1, '', 40, 103),
(141, 'Brownie', 189.00, 1, '', 31, 104),
(142, 'Chicken Biryani', 730.00, 1, '', 54, 105),
(143, 'Jeera rice', 150.00, 1, '', 11, 106),
(144, 'Jeera rice', 150.00, 2, '', 11, 107),
(145, 'Jeera rice', 150.00, 3, '', 11, 108),
(146, 'Jeera rice', 150.00, 3, '', 11, 109),
(147, 'Jeera rice', 150.00, 1, '', 11, 110),
(148, 'Jeera rice', 150.00, 1, '', 11, 111);

-- --------------------------------------------------------

--
-- Table structure for table `owners`
--

CREATE TABLE `owners` (
  `id` bigint(20) NOT NULL,
  `password` varchar(128) NOT NULL,
  `last_login` datetime(6) DEFAULT NULL,
  `name` varchar(255) NOT NULL,
  `email` varchar(254) NOT NULL,
  `phone` varchar(20) NOT NULL,
  `is_active` tinyint(1) NOT NULL,
  `is_admin` tinyint(1) NOT NULL,
  `created_at` datetime(6) NOT NULL,
  `reset_token` varchar(100) DEFAULT NULL,
  `reset_token_expiry` datetime(6) DEFAULT NULL
) ENGINE=InnoDB DEFAULT CHARSET=utf8mb4 COLLATE=utf8mb4_unicode_ci;

--
-- Dumping data for table `owners`
--

INSERT INTO `owners` (`id`, `password`, `last_login`, `name`, `email`, `phone`, `is_active`, `is_admin`, `created_at`, `reset_token`, `reset_token_expiry`) VALUES
(1, 'Sai', '2026-03-16 06:43:05.159285', 'Sai', 'sai@gmail.com', '9876543210', 1, 0, '2026-03-11 11:15:44.287337', NULL, NULL),
(2, 'Siddharth', NULL, 'Siddharth', 'siddharthgorantala7@gmail.com', '6281105890', 1, 0, '2026-03-11 11:34:19.900656', '512700', '2026-03-14 17:07:36.663766'),
(3, 'User1234', NULL, 'Srinivas', 'srinivasvellaturi61@gmail.com', '9880040441', 1, 0, '2026-03-11 16:33:33.829117', '451805', '2026-03-18 16:14:07.952774'),
(4, '@Siddu07', NULL, 'Siddharth Gorantala', 'siddharthkanna0570@gmail.com', '6281105890', 1, 0, '2026-03-11 18:15:53.257681', '928995', '2026-03-24 13:58:51.711259'),
(5, 'password123', NULL, 'John Doe', 'john@example.com', '9876543210', 1, 0, '2026-03-14 17:28:14.694960', NULL, NULL),
(6, 'Srinivas', NULL, 'qwerty', 'qwert@gmail.com', '1234567890', 1, 0, '2026-03-14 17:59:37.528709', NULL, NULL),
(7, '@Siddu07', NULL, 'Siddharth Gorantala', 'siddharthkanna057@gmail.com', '6281105890', 1, 0, '2026-03-18 09:13:59.585157', NULL, NULL),
(8, 'Pushpa@123', NULL, 'pushpa kanth', 'srik29924@gmail.com', '7729047460966', 1, 0, '2026-03-19 07:28:37.293213', NULL, NULL),
(9, '@Siddu07', NULL, 'siddu ', 'siddharthkanna050@gmail.com', '6281105890', 1, 0, '2026-03-19 08:26:39.701318', NULL, NULL),
(10, 'itsME@123', NULL, 'nikhil Chowdary', 'nikhilnalluri2004@gmail.com', '9030355299', 1, 0, '2026-03-19 18:29:13.794216', NULL, NULL),
(11, '@Sivapavan123', NULL, 'shivapavan', 'ysivapavan@gmail.com', '8523846629', 1, 0, '2026-03-22 09:25:31.602257', NULL, NULL),
(12, 'Ab@12345', NULL, 'app', 'We@d.co', '6281105890', 1, 0, '2026-03-24 04:57:04.653416', NULL, NULL),
(13, 'Ab@12345', NULL, 'gg', 'Wee@d.co', '9880040000', 1, 0, '2026-03-24 07:48:58.740285', NULL, NULL),
(14, '@Shiddu07', NULL, 'w', 'xa@gmail.com', '1234567890', 1, 0, '2026-03-24 08:33:04.480303', NULL, NULL),
(16, 'Abc@1234', NULL, 'BB', 'a@gmail.com', '1234567890', 1, 0, '2026-03-24 13:12:45.623791', NULL, NULL),
(17, 'Ram@1234', NULL, 'Ram', 'ram@gmail.com', '6281105890', 1, 0, '2026-03-24 13:34:32.457435', NULL, NULL),
(18, 'Layna@123', NULL, 'Layna', 'layna4115@gmail.com', '6374258264', 1, 0, '2026-03-25 06:12:15.686898', NULL, NULL),
(19, '@Siddharth07', NULL, 'siddu', 'siddharthgorantala@gmail.com', '6281105899', 1, 0, '2026-03-28 05:12:32.138637', NULL, NULL);

-- --------------------------------------------------------

--
-- Table structure for table `owner_notifications`
--

CREATE TABLE `owner_notifications` (
  `id` bigint(20) NOT NULL,
  `notification_type` varchar(30) NOT NULL,
  `icon` varchar(10) NOT NULL,
  `title` varchar(255) NOT NULL,
  `body` longtext NOT NULL,
  `is_read` tinyint(1) NOT NULL,
  `created_at` datetime(6) NOT NULL,
  `restaurant_id` bigint(20) NOT NULL
) ENGINE=InnoDB DEFAULT CHARSET=utf8mb4 COLLATE=utf8mb4_unicode_ci;

--
-- Dumping data for table `owner_notifications`
--

INSERT INTO `owner_notifications` (`id`, `notification_type`, `icon`, `title`, `body`, `is_read`, `created_at`, `restaurant_id`) VALUES
(35, 'daily_sales_summary', '📊', 'Daily Summary - 24 Mar 2026', 'Progress so far: 0 orders, ₹0 revenue.', 0, '2026-03-24 13:12:46.990727', 16),
(36, 'daily_sales_summary', '📊', 'Daily Summary - 24 Mar 2026', 'Progress so far: 0 orders, ₹0 revenue.', 1, '2026-03-24 13:34:39.395676', 17),
(37, 'item_created', '🍽️', 'New Item Added', '\"mutton Biryani\" has been added to your menu.', 1, '2026-03-24 13:36:14.784963', 17),
(38, 'new_order', '🛒', 'New Order Received', 'Order #98 (1 items, ₹420.0) from Table 3.', 1, '2026-03-24 13:37:13.100627', 17),
(39, 'new_order', '🛒', 'New Order Received', 'Order #99 (1 items, ₹420.0) from Table 6.', 1, '2026-03-24 13:37:48.132705', 17),
(40, 'order_status_update', '📦', 'Order Status Updated', 'Order #99 for  is now Cancelled (was Received).', 0, '2026-03-24 13:38:19.712916', 17),
(41, 'item_created', '🍽️', 'New Item Added', '\"bba\" has been added to your menu.', 0, '2026-03-24 13:39:10.206928', 17),
(42, 'new_order', '🛒', 'New Order Received', 'Order #100 (1 items, ₹1417.5) from Table 9.', 0, '2026-03-24 13:39:33.930478', 17),
(43, 'order_status_update', '📦', 'Order Status Updated', 'Order #100 for  is now Preparing (was Received).', 0, '2026-03-24 13:39:53.308552', 17),
(44, 'order_status_update', '📦', 'Order Status Updated', 'Order #100 for  is now Ready (was Preparing).', 0, '2026-03-24 13:39:58.330334', 17),
(45, 'order_status_update', '📦', 'Order Status Updated', 'Order #100 for  is now Served (was Ready).', 0, '2026-03-24 13:40:06.343148', 17),
(46, 'order_status_update', '📦', 'Order Status Updated', 'Order #100 for  is now Completed (was Served).', 0, '2026-03-24 13:40:14.052480', 17),
(47, 'new_order', '🛒', 'New Order Received', 'Order #101 (1 items, ₹472.5) from Table 5.', 0, '2026-03-24 13:42:05.215314', 17),
(48, 'order_status_update', '📦', 'Order Status Updated', 'Order #101 for  is now Preparing (was Received).', 0, '2026-03-24 13:42:10.889459', 17),
(49, 'order_status_update', '📦', 'Order Status Updated', 'Order #101 for  is now Ready (was Preparing).', 0, '2026-03-24 13:42:11.603146', 17),
(50, 'order_status_update', '📦', 'Order Status Updated', 'Order #101 for  is now Served (was Ready).', 0, '2026-03-24 13:42:12.306018', 17),
(51, 'order_status_update', '📦', 'Order Status Updated', 'Order #101 for  is now Completed (was Served).', 0, '2026-03-24 13:42:12.899002', 17),
(52, 'order_status_update', '📦', 'Order Status Updated', 'Order #98 for Siddharth is now Preparing (was Received).', 0, '2026-03-24 13:42:13.509375', 17),
(53, 'order_status_update', '📦', 'Order Status Updated', 'Order #98 for Siddharth is now Ready (was Preparing).', 0, '2026-03-24 13:42:14.273886', 17),
(54, 'new_order', '🛒', 'New Order Received', 'Order #102 (1 items, ₹472.5) from Table 8.', 0, '2026-03-24 13:42:24.604032', 17),
(55, 'order_status_update', '📦', 'Order Status Updated', 'Order #102 for  is now Preparing (was Received).', 0, '2026-03-24 13:42:31.238363', 17),
(56, 'order_status_update', '📦', 'Order Status Updated', 'Order #102 for  is now Ready (was Preparing).', 0, '2026-03-24 13:42:31.940961', 17),
(57, 'order_status_update', '📦', 'Order Status Updated', 'Order #102 for  is now Served (was Ready).', 0, '2026-03-24 13:42:32.826189', 17),
(58, 'order_status_update', '📦', 'Order Status Updated', 'Order #102 for  is now Completed (was Served).', 0, '2026-03-24 13:42:33.563405', 17),
(60, 'daily_sales_summary', '📊', 'Daily Summary - 25 Mar 2026', 'Progress so far: 0 orders, ₹0 revenue.', 0, '2026-03-25 06:12:17.678225', 18),
(61, 'daily_sales_summary', '📊', 'Daily Summary - 26 Mar 2026', 'Progress so far: 0 orders, ₹0 revenue.', 0, '2026-03-26 02:58:48.654309', 11),
(63, 'daily_sales_summary', '📊', 'Daily Summary - 26 Mar 2026', 'Progress so far: 0 orders, ₹0 revenue.', 0, '2026-03-26 04:04:26.563293', 4),
(64, 'daily_sales_summary', '📊', 'Daily Summary - 27 Mar 2026', 'Progress so far: 0 orders, ₹0 revenue.', 0, '2026-03-26 18:51:40.412785', 4),
(65, 'daily_sales_summary', '📊', 'Daily Summary - 28 Mar 2026', 'Progress so far: 0 orders, ₹0 revenue.', 0, '2026-03-28 02:58:59.123103', 4),
(66, 'new_order', '🛒', 'New Order Received', 'Order #103 (2 items, ₹1027.95) from Table 9.', 0, '2026-03-28 03:00:56.754776', 4),
(67, 'order_status_update', '📦', 'Order Status Updated', 'Order #103 for Siddharth is now Preparing (was Received).', 0, '2026-03-28 03:01:21.299669', 4),
(68, 'order_status_update', '📦', 'Order Status Updated', 'Order #103 for Siddharth is now Ready (was Preparing).', 0, '2026-03-28 03:01:27.080455', 4),
(69, 'order_status_update', '📦', 'Order Status Updated', 'Order #103 for Siddharth is now Served (was Ready).', 0, '2026-03-28 03:01:33.420511', 4),
(70, 'order_status_update', '📦', 'Order Status Updated', 'Order #103 for Siddharth is now Completed (was Served).', 0, '2026-03-28 03:01:36.714174', 4),
(71, 'promotion_applied', '📣', 'Promotion Applied', '\"Orange Juice\" discounted to ₹76.5 for 7 days.', 0, '2026-03-28 03:04:34.208128', 4),
(72, 'new_order', '🛒', 'New Order Received', 'Order #104 (1 items, ₹198.45) from Table 4.', 0, '2026-03-28 04:21:25.280048', 4),
(73, 'order_status_update', '📦', 'Order Status Updated', 'Order #104 for Siddharth is now Preparing (was Received).', 0, '2026-03-28 04:21:35.645866', 4),
(74, 'daily_sales_summary', '📊', 'Daily Summary - 28 Mar 2026', 'Progress so far: 0 orders, ₹0 revenue.', 0, '2026-03-28 05:12:35.839427', 19),
(75, 'item_created', '🍽️', 'New Item Added', '\"chicken rice\" has been added to your menu.', 0, '2026-03-28 05:16:16.349338', 19),
(76, 'new_order', '🛒', 'New Order Received', 'Order #105 (1 items, ₹766.5) from Table 3.', 0, '2026-03-28 05:20:47.548925', 4),
(77, 'order_status_update', '📦', 'Order Status Updated', 'Order #105 for Siddharth is now Preparing (was Received).', 0, '2026-03-28 05:21:03.166192', 4),
(78, 'order_status_update', '📦', 'Order Status Updated', 'Order #105 for Siddharth is now Ready (was Preparing).', 0, '2026-03-28 05:21:12.866078', 4),
(79, 'new_order', '🛒', 'New Order Received', 'Order #106 (1 items, ₹157.5) from Table 6.', 0, '2026-03-28 05:21:41.692314', 4),
(80, 'new_order', '🛒', 'New Order Received', 'Order #107 (1 items, ₹315.0) from Table 5.', 0, '2026-03-28 05:22:15.205888', 4),
(81, 'new_order', '🛒', 'New Order Received', 'Order #108 (1 items, ₹472.5) from Table 2.', 0, '2026-03-28 05:22:32.199577', 4),
(82, 'new_order', '🛒', 'New Order Received', 'Order #109 (1 items, ₹472.5) from Table 7.', 0, '2026-03-28 05:22:49.403630', 4),
(83, 'new_order', '🛒', 'New Order Received', 'Order #110 (1 items, ₹157.5) from Table 8.', 0, '2026-03-28 05:23:04.361152', 4),
(84, 'new_order', '🛒', 'New Order Received', 'Order #111 (1 items, ₹157.5) from Table 1.', 0, '2026-03-28 05:23:21.135125', 4),
(85, 'order_status_update', '📦', 'Order Status Updated', 'Order #111 for Siddharth is now Preparing (was Received).', 0, '2026-03-28 05:30:22.733255', 4),
(86, 'order_status_update', '📦', 'Order Status Updated', 'Order #111 for Siddharth is now Ready (was Preparing).', 0, '2026-03-28 05:30:23.285379', 4),
(87, 'order_status_update', '📦', 'Order Status Updated', 'Order #111 for Siddharth is now Served (was Ready).', 0, '2026-03-28 05:30:23.800250', 4),
(88, 'order_status_update', '📦', 'Order Status Updated', 'Order #111 for Siddharth is now Completed (was Served).', 0, '2026-03-28 05:30:24.070058', 4),
(89, 'order_status_update', '📦', 'Order Status Updated', 'Order #110 for Siddharth is now Preparing (was Received).', 0, '2026-03-28 05:30:24.342144', 4),
(90, 'order_status_update', '📦', 'Order Status Updated', 'Order #110 for Siddharth is now Ready (was Preparing).', 0, '2026-03-28 05:30:24.864442', 4),
(91, 'order_status_update', '📦', 'Order Status Updated', 'Order #109 for Siddharth is now Preparing (was Received).', 0, '2026-03-28 05:30:25.678585', 4),
(92, 'order_status_update', '📦', 'Order Status Updated', 'Order #109 for Siddharth is now Ready (was Preparing).', 0, '2026-03-28 05:30:26.015586', 4),
(93, 'order_status_update', '📦', 'Order Status Updated', 'Order #109 for Siddharth is now Served (was Ready).', 0, '2026-03-28 05:30:26.313688', 4),
(94, 'order_status_update', '📦', 'Order Status Updated', 'Order #110 for Siddharth is now Served (was Ready).', 0, '2026-03-28 05:30:27.639285', 4),
(95, 'order_status_update', '📦', 'Order Status Updated', 'Order #108 for Siddharth is now Preparing (was Received).', 0, '2026-03-28 05:30:28.700484', 4),
(96, 'order_status_update', '📦', 'Order Status Updated', 'Order #108 for Siddharth is now Ready (was Preparing).', 0, '2026-03-28 05:30:28.841791', 4),
(97, 'order_status_update', '📦', 'Order Status Updated', 'Order #108 for Siddharth is now Served (was Ready).', 0, '2026-03-28 05:30:29.037662', 4),
(98, 'order_status_update', '📦', 'Order Status Updated', 'Order #107 for Siddharth is now Preparing (was Received).', 0, '2026-03-28 05:30:33.830523', 4),
(99, 'order_status_update', '📦', 'Order Status Updated', 'Order #107 for Siddharth is now Ready (was Preparing).', 0, '2026-03-28 05:30:34.066938', 4),
(100, 'order_status_update', '📦', 'Order Status Updated', 'Order #107 for Siddharth is now Served (was Ready).', 0, '2026-03-28 05:30:34.823933', 4),
(101, 'order_status_update', '📦', 'Order Status Updated', 'Order #106 for Siddharth is now Preparing (was Received).', 0, '2026-03-28 05:30:35.743298', 4),
(102, 'order_status_update', '📦', 'Order Status Updated', 'Order #106 for Siddharth is now Ready (was Preparing).', 0, '2026-03-28 05:30:36.046731', 4),
(103, 'order_status_update', '📦', 'Order Status Updated', 'Order #106 for Siddharth is now Served (was Ready).', 0, '2026-03-28 05:30:36.650902', 4),
(104, 'order_status_update', '📦', 'Order Status Updated', 'Order #105 for Siddharth is now Served (was Ready).', 0, '2026-03-28 05:30:39.006643', 4),
(105, 'order_status_update', '📦', 'Order Status Updated', 'Order #105 for Siddharth is now Completed (was Served).', 0, '2026-03-28 05:30:39.232459', 4),
(106, 'order_status_update', '📦', 'Order Status Updated', 'Order #104 for Siddharth is now Ready (was Preparing).', 0, '2026-03-28 05:30:40.960969', 4),
(107, 'order_status_update', '📦', 'Order Status Updated', 'Order #104 for Siddharth is now Served (was Ready).', 0, '2026-03-28 05:30:42.627457', 4),
(108, 'order_status_update', '📦', 'Order Status Updated', 'Order #110 for Siddharth is now Completed (was Served).', 0, '2026-03-28 05:30:49.293503', 4),
(109, 'order_status_update', '📦', 'Order Status Updated', 'Order #109 for Siddharth is now Completed (was Served).', 0, '2026-03-28 05:30:50.078604', 4),
(110, 'order_status_update', '📦', 'Order Status Updated', 'Order #108 for Siddharth is now Completed (was Served).', 0, '2026-03-28 05:30:50.562975', 4),
(111, 'order_status_update', '📦', 'Order Status Updated', 'Order #107 for Siddharth is now Completed (was Served).', 0, '2026-03-28 05:30:50.916268', 4),
(112, 'order_status_update', '📦', 'Order Status Updated', 'Order #106 for Siddharth is now Completed (was Served).', 0, '2026-03-28 05:30:51.334118', 4),
(113, 'order_status_update', '📦', 'Order Status Updated', 'Order #104 for Siddharth is now Completed (was Served).', 0, '2026-03-28 05:30:51.797693', 4);

-- --------------------------------------------------------

--
-- Table structure for table `owner_notification_settings`
--

CREATE TABLE `owner_notification_settings` (
  `id` bigint(20) NOT NULL,
  `new_order_alerts` tinyint(1) NOT NULL,
  `order_status_updates` tinyint(1) NOT NULL,
  `daily_sales_summary` tinyint(1) NOT NULL,
  `ai_suggestions` tinyint(1) NOT NULL,
  `restaurant_id` bigint(20) NOT NULL
) ENGINE=InnoDB DEFAULT CHARSET=utf8mb4 COLLATE=utf8mb4_unicode_ci;

--
-- Dumping data for table `owner_notification_settings`
--

INSERT INTO `owner_notification_settings` (`id`, `new_order_alerts`, `order_status_updates`, `daily_sales_summary`, `ai_suggestions`, `restaurant_id`) VALUES
(1, 1, 1, 1, 1, 4),
(2, 1, 1, 1, 1, 16),
(3, 1, 1, 1, 1, 17),
(4, 1, 1, 1, 1, 18),
(5, 1, 1, 1, 1, 11),
(6, 1, 1, 1, 1, 19);

-- --------------------------------------------------------

--
-- Table structure for table `restaurants`
--

CREATE TABLE `restaurants` (
  `id` bigint(20) NOT NULL,
  `name` varchar(255) NOT NULL,
  `restaurant_type` varchar(100) NOT NULL,
  `address` longtext NOT NULL,
  `phone` varchar(20) NOT NULL,
  `description` longtext NOT NULL,
  `logo` varchar(100) DEFAULT NULL,
  `qr_token` varchar(100) NOT NULL,
  `table_count` int(11) NOT NULL,
  `is_open` tinyint(1) NOT NULL,
  `created_at` datetime(6) NOT NULL,
  `updated_at` datetime(6) NOT NULL,
  `owner_id` bigint(20) NOT NULL
) ENGINE=InnoDB DEFAULT CHARSET=utf8mb4 COLLATE=utf8mb4_unicode_ci;

--
-- Dumping data for table `restaurants`
--

INSERT INTO `restaurants` (`id`, `name`, `restaurant_type`, `address`, `phone`, `description`, `logo`, `qr_token`, `table_count`, `is_open`, `created_at`, `updated_at`, `owner_id`) VALUES
(1, 'Sai Restaurant', 'Restaurant', 'Chennai, Tamil Nadu', '', '', '', '6ffeb88e-9f42-4fda-a992-0f4d693501a8', 10, 1, '2026-03-11 11:15:44.345252', '2026-03-11 11:15:44.345323', 1),
(2, 'Hyderabadi things 🍕🍟', 'fast food', 'Hyderabad', '', '', 'logos/logo_1773249693512.jpg', '624d57d9-23cd-4975-bc61-d5e51b430464', 8, 1, '2026-03-11 11:34:19.975759', '2026-03-11 17:22:47.225606', 2),
(3, 'Hyderabad', 'chinese', 'sgjs', '', '', 'logos/logo_1773755807625.jpg', '68785937-a272-4be0-b6d9-f8ae63370adf', 5, 1, '2026-03-11 16:33:33.885625', '2026-03-19 14:29:58.871027', 3),
(4, 'SWAGAT MULTI RESTAURANT', 'Indian', 'Jayaprakash Narayan Road, Mandi Bazar, Sherpura, Warangal, Telangana 506002', '1234567890', 'vvv', 'logos/logo_1774322994762.jpg', '200748f6-d540-41df-8bc8-922ad0abb3c8', 9, 0, '2026-03-11 18:15:53.296070', '2026-03-24 03:29:58.167832', 4),
(5, 'John\'s Pizza', 'Pizzeria', '123 Main St, City', '', '', '', 'c978b51e-a673-4efc-8617-2741eec1da28', 15, 1, '2026-03-14 17:28:14.713558', '2026-03-14 17:28:14.713585', 5),
(6, 'sdfgh', 'fine-dining', 'sdfgh, sdfg, wer', '', '', '', 'c6512bca-3372-4bb6-acdb-979bd4da1c28', 10, 1, '2026-03-14 17:59:37.537373', '2026-03-14 17:59:37.537408', 6),
(7, 'Hh', 'tg', 'yy', '', '', '', 'c8fbbb1a-04d6-4c0f-8055-0f89da6a95fc', 96, 1, '2026-03-18 09:13:59.621235', '2026-03-18 09:21:24.786713', 7),
(8, 'Rrr', 'Chinese', 'Ongole', '', '', '', '48cebcf5-15b2-40ae-b39b-d875ebff6e6f', 11, 1, '2026-03-19 07:28:37.341557', '2026-03-19 09:16:55.918695', 8),
(9, 'Facca', 'ffaf', 'fagga', '', '', '', 'c4a85964-4aa2-443c-99d5-3e33bf169378', 5, 1, '2026-03-19 08:26:39.714798', '2026-03-19 08:30:09.916182', 9),
(10, 'Rush Cafe', 'coffee and snacks', 'Ongole', '', '', '', 'fe6d4118-468b-492a-b128-9f16426439dd', 9, 1, '2026-03-19 18:29:13.828657', '2026-03-19 18:29:51.561922', 10),
(11, 'AMMA VARI BOJANAM', 'Indian', 'Hanuman junction, Bapalapadu, Andhra Pradesh', '', '', 'logos/logo_1774171680419.jpg', '2e4e512d-eb75-4f95-acf2-ba139c6ce573', 6, 1, '2026-03-22 09:25:31.620425', '2026-03-22 09:28:03.454124', 11),
(12, 'Ad', 'qwe', 'hshdh', '', '', '', 'b54c5c4f-5b67-46ab-a399-93d57aec66aa', 10, 1, '2026-03-24 04:57:04.678835', '2026-03-24 04:57:04.678890', 12),
(13, 'AA', 'Indian', 'chennai', '', '', '', 'c2e3c5b7-1ccd-4aae-b185-aa8b52a807a2', 10, 1, '2026-03-24 07:48:58.758028', '2026-03-24 07:48:58.758056', 13),
(14, 'ss', 'fast-food', 'wa, chenn', '', '', '', 'd3067bdf-dcb4-43d8-abd0-35dd08546140', 10, 1, '2026-03-24 08:33:04.500213', '2026-03-24 08:33:04.500263', 14),
(16, 'Dhd', 'dhrj', 'xhdh', '', '', '', 'd787ec44-a285-48b4-a72b-42e37891b9bd', 1000000000, 1, '2026-03-24 13:12:45.637014', '2026-03-24 13:12:45.637035', 16),
(17, 'RRR', 'Indian', 'Warangal', '', '', '', '2beb13c8-77eb-4da2-aebd-eb8996a12ea5', 45, 1, '2026-03-24 13:34:32.472125', '2026-03-24 13:34:32.472148', 17),
(18, 'SIMATS', 'Indian', 'chennai', '', '', 'logos/logo_1774419220264.jpg', '8523a8ef-a283-430c-b98f-ef20d3af3959', 22, 1, '2026-03-25 06:12:15.767042', '2026-03-25 06:13:46.088999', 18),
(19, 'RRR', 'Indian', 'chennai', '', '', '', 'af2f63d9-16ee-48af-841e-a2a2279a2cda', 10, 1, '2026-03-28 05:12:32.150001', '2026-03-28 05:12:32.150032', 19);

--
-- Indexes for dumped tables
--

--
-- Indexes for table `auth_group`
--
ALTER TABLE `auth_group`
  ADD PRIMARY KEY (`id`),
  ADD UNIQUE KEY `name` (`name`);

--
-- Indexes for table `auth_group_permissions`
--
ALTER TABLE `auth_group_permissions`
  ADD PRIMARY KEY (`id`),
  ADD UNIQUE KEY `auth_group_permissions_group_id_permission_id_0cd325b0_uniq` (`group_id`,`permission_id`),
  ADD KEY `auth_group_permissio_permission_id_84c5c92e_fk_auth_perm` (`permission_id`);

--
-- Indexes for table `auth_permission`
--
ALTER TABLE `auth_permission`
  ADD PRIMARY KEY (`id`),
  ADD UNIQUE KEY `auth_permission_content_type_id_codename_01ab375a_uniq` (`content_type_id`,`codename`);

--
-- Indexes for table `combos`
--
ALTER TABLE `combos`
  ADD PRIMARY KEY (`id`),
  ADD UNIQUE KEY `combos_restaurant_id_main_item_id_combo_item_id_debb74a4_uniq` (`restaurant_id`,`main_item_id`,`combo_item_id`),
  ADD KEY `combos_combo_item_id_148fd2e6_fk_menu_items_id` (`combo_item_id`),
  ADD KEY `combos_main_item_id_05790e30_fk_menu_items_id` (`main_item_id`);

--
-- Indexes for table `daily_analytics`
--
ALTER TABLE `daily_analytics`
  ADD PRIMARY KEY (`id`),
  ADD UNIQUE KEY `daily_analytics_restaurant_id_date_81b907ec_uniq` (`restaurant_id`,`date`);

--
-- Indexes for table `django_admin_log`
--
ALTER TABLE `django_admin_log`
  ADD PRIMARY KEY (`id`),
  ADD KEY `django_admin_log_content_type_id_c4bce8eb_fk_django_co` (`content_type_id`),
  ADD KEY `django_admin_log_user_id_c564eba6_fk_owners_id` (`user_id`);

--
-- Indexes for table `django_content_type`
--
ALTER TABLE `django_content_type`
  ADD PRIMARY KEY (`id`),
  ADD UNIQUE KEY `django_content_type_app_label_model_76bd3d3b_uniq` (`app_label`,`model`);

--
-- Indexes for table `django_migrations`
--
ALTER TABLE `django_migrations`
  ADD PRIMARY KEY (`id`);

--
-- Indexes for table `django_session`
--
ALTER TABLE `django_session`
  ADD PRIMARY KEY (`session_key`),
  ADD KEY `django_session_expire_date_a5c62663` (`expire_date`);

--
-- Indexes for table `menu_categories`
--
ALTER TABLE `menu_categories`
  ADD PRIMARY KEY (`id`),
  ADD KEY `menu_categories_restaurant_id_d2207698_fk_restaurants_id` (`restaurant_id`);

--
-- Indexes for table `menu_items`
--
ALTER TABLE `menu_items`
  ADD PRIMARY KEY (`id`),
  ADD KEY `menu_items_restaurant_id_7257aa9e_fk_restaurants_id` (`restaurant_id`),
  ADD KEY `menu_items_category_id_5066f1ed_fk_menu_categories_id` (`category_id`);

--
-- Indexes for table `orders`
--
ALTER TABLE `orders`
  ADD PRIMARY KEY (`id`),
  ADD KEY `orders_restaurant_id_2304cc71_fk_restaurants_id` (`restaurant_id`);

--
-- Indexes for table `order_items`
--
ALTER TABLE `order_items`
  ADD PRIMARY KEY (`id`),
  ADD KEY `order_items_menu_item_id_66f11f6f_fk_menu_items_id` (`menu_item_id`),
  ADD KEY `order_items_order_id_412ad78b_fk_orders_id` (`order_id`);

--
-- Indexes for table `owners`
--
ALTER TABLE `owners`
  ADD PRIMARY KEY (`id`),
  ADD UNIQUE KEY `email` (`email`);

--
-- Indexes for table `owner_notifications`
--
ALTER TABLE `owner_notifications`
  ADD PRIMARY KEY (`id`),
  ADD KEY `owner_notifications_restaurant_id_53a3381a_fk_restaurants_id` (`restaurant_id`);

--
-- Indexes for table `owner_notification_settings`
--
ALTER TABLE `owner_notification_settings`
  ADD PRIMARY KEY (`id`),
  ADD UNIQUE KEY `restaurant_id` (`restaurant_id`);

--
-- Indexes for table `restaurants`
--
ALTER TABLE `restaurants`
  ADD PRIMARY KEY (`id`),
  ADD UNIQUE KEY `qr_token` (`qr_token`),
  ADD UNIQUE KEY `owner_id` (`owner_id`);

--
-- AUTO_INCREMENT for dumped tables
--

--
-- AUTO_INCREMENT for table `auth_group`
--
ALTER TABLE `auth_group`
  MODIFY `id` int(11) NOT NULL AUTO_INCREMENT;

--
-- AUTO_INCREMENT for table `auth_group_permissions`
--
ALTER TABLE `auth_group_permissions`
  MODIFY `id` bigint(20) NOT NULL AUTO_INCREMENT;

--
-- AUTO_INCREMENT for table `auth_permission`
--
ALTER TABLE `auth_permission`
  MODIFY `id` int(11) NOT NULL AUTO_INCREMENT, AUTO_INCREMENT=61;

--
-- AUTO_INCREMENT for table `combos`
--
ALTER TABLE `combos`
  MODIFY `id` bigint(20) NOT NULL AUTO_INCREMENT, AUTO_INCREMENT=6;

--
-- AUTO_INCREMENT for table `daily_analytics`
--
ALTER TABLE `daily_analytics`
  MODIFY `id` bigint(20) NOT NULL AUTO_INCREMENT, AUTO_INCREMENT=286;

--
-- AUTO_INCREMENT for table `django_admin_log`
--
ALTER TABLE `django_admin_log`
  MODIFY `id` int(11) NOT NULL AUTO_INCREMENT;

--
-- AUTO_INCREMENT for table `django_content_type`
--
ALTER TABLE `django_content_type`
  MODIFY `id` int(11) NOT NULL AUTO_INCREMENT, AUTO_INCREMENT=16;

--
-- AUTO_INCREMENT for table `django_migrations`
--
ALTER TABLE `django_migrations`
  MODIFY `id` bigint(20) NOT NULL AUTO_INCREMENT, AUTO_INCREMENT=29;

--
-- AUTO_INCREMENT for table `menu_categories`
--
ALTER TABLE `menu_categories`
  MODIFY `id` bigint(20) NOT NULL AUTO_INCREMENT, AUTO_INCREMENT=29;

--
-- AUTO_INCREMENT for table `menu_items`
--
ALTER TABLE `menu_items`
  MODIFY `id` bigint(20) NOT NULL AUTO_INCREMENT, AUTO_INCREMENT=101;

--
-- AUTO_INCREMENT for table `orders`
--
ALTER TABLE `orders`
  MODIFY `id` bigint(20) NOT NULL AUTO_INCREMENT, AUTO_INCREMENT=112;

--
-- AUTO_INCREMENT for table `order_items`
--
ALTER TABLE `order_items`
  MODIFY `id` bigint(20) NOT NULL AUTO_INCREMENT, AUTO_INCREMENT=149;

--
-- AUTO_INCREMENT for table `owners`
--
ALTER TABLE `owners`
  MODIFY `id` bigint(20) NOT NULL AUTO_INCREMENT, AUTO_INCREMENT=20;

--
-- AUTO_INCREMENT for table `owner_notifications`
--
ALTER TABLE `owner_notifications`
  MODIFY `id` bigint(20) NOT NULL AUTO_INCREMENT, AUTO_INCREMENT=114;

--
-- AUTO_INCREMENT for table `owner_notification_settings`
--
ALTER TABLE `owner_notification_settings`
  MODIFY `id` bigint(20) NOT NULL AUTO_INCREMENT, AUTO_INCREMENT=7;

--
-- AUTO_INCREMENT for table `restaurants`
--
ALTER TABLE `restaurants`
  MODIFY `id` bigint(20) NOT NULL AUTO_INCREMENT, AUTO_INCREMENT=20;

--
-- Constraints for dumped tables
--

--
-- Constraints for table `auth_group_permissions`
--
ALTER TABLE `auth_group_permissions`
  ADD CONSTRAINT `auth_group_permissio_permission_id_84c5c92e_fk_auth_perm` FOREIGN KEY (`permission_id`) REFERENCES `auth_permission` (`id`),
  ADD CONSTRAINT `auth_group_permissions_group_id_b120cbf9_fk_auth_group_id` FOREIGN KEY (`group_id`) REFERENCES `auth_group` (`id`);

--
-- Constraints for table `auth_permission`
--
ALTER TABLE `auth_permission`
  ADD CONSTRAINT `auth_permission_content_type_id_2f476e4b_fk_django_co` FOREIGN KEY (`content_type_id`) REFERENCES `django_content_type` (`id`);

--
-- Constraints for table `combos`
--
ALTER TABLE `combos`
  ADD CONSTRAINT `combos_combo_item_id_148fd2e6_fk_menu_items_id` FOREIGN KEY (`combo_item_id`) REFERENCES `menu_items` (`id`),
  ADD CONSTRAINT `combos_main_item_id_05790e30_fk_menu_items_id` FOREIGN KEY (`main_item_id`) REFERENCES `menu_items` (`id`),
  ADD CONSTRAINT `combos_restaurant_id_2492ecc4_fk_restaurants_id` FOREIGN KEY (`restaurant_id`) REFERENCES `restaurants` (`id`);

--
-- Constraints for table `daily_analytics`
--
ALTER TABLE `daily_analytics`
  ADD CONSTRAINT `daily_analytics_restaurant_id_c92f321c_fk_restaurants_id` FOREIGN KEY (`restaurant_id`) REFERENCES `restaurants` (`id`);

--
-- Constraints for table `django_admin_log`
--
ALTER TABLE `django_admin_log`
  ADD CONSTRAINT `django_admin_log_content_type_id_c4bce8eb_fk_django_co` FOREIGN KEY (`content_type_id`) REFERENCES `django_content_type` (`id`),
  ADD CONSTRAINT `django_admin_log_user_id_c564eba6_fk_owners_id` FOREIGN KEY (`user_id`) REFERENCES `owners` (`id`);

--
-- Constraints for table `menu_categories`
--
ALTER TABLE `menu_categories`
  ADD CONSTRAINT `menu_categories_restaurant_id_d2207698_fk_restaurants_id` FOREIGN KEY (`restaurant_id`) REFERENCES `restaurants` (`id`);

--
-- Constraints for table `menu_items`
--
ALTER TABLE `menu_items`
  ADD CONSTRAINT `menu_items_category_id_5066f1ed_fk_menu_categories_id` FOREIGN KEY (`category_id`) REFERENCES `menu_categories` (`id`),
  ADD CONSTRAINT `menu_items_restaurant_id_7257aa9e_fk_restaurants_id` FOREIGN KEY (`restaurant_id`) REFERENCES `restaurants` (`id`);

--
-- Constraints for table `orders`
--
ALTER TABLE `orders`
  ADD CONSTRAINT `orders_restaurant_id_2304cc71_fk_restaurants_id` FOREIGN KEY (`restaurant_id`) REFERENCES `restaurants` (`id`);

--
-- Constraints for table `order_items`
--
ALTER TABLE `order_items`
  ADD CONSTRAINT `order_items_menu_item_id_66f11f6f_fk_menu_items_id` FOREIGN KEY (`menu_item_id`) REFERENCES `menu_items` (`id`),
  ADD CONSTRAINT `order_items_order_id_412ad78b_fk_orders_id` FOREIGN KEY (`order_id`) REFERENCES `orders` (`id`);

--
-- Constraints for table `owner_notifications`
--
ALTER TABLE `owner_notifications`
  ADD CONSTRAINT `owner_notifications_restaurant_id_53a3381a_fk_restaurants_id` FOREIGN KEY (`restaurant_id`) REFERENCES `restaurants` (`id`);

--
-- Constraints for table `owner_notification_settings`
--
ALTER TABLE `owner_notification_settings`
  ADD CONSTRAINT `owner_notification_s_restaurant_id_1b731fb0_fk_restauran` FOREIGN KEY (`restaurant_id`) REFERENCES `restaurants` (`id`);

--
-- Constraints for table `restaurants`
--
ALTER TABLE `restaurants`
  ADD CONSTRAINT `restaurants_owner_id_26809c62_fk_owners_id` FOREIGN KEY (`owner_id`) REFERENCES `owners` (`id`);
COMMIT;

/*!40101 SET CHARACTER_SET_CLIENT=@OLD_CHARACTER_SET_CLIENT */;
/*!40101 SET CHARACTER_SET_RESULTS=@OLD_CHARACTER_SET_RESULTS */;
/*!40101 SET COLLATION_CONNECTION=@OLD_COLLATION_CONNECTION */;
